15:08:56 [INFO] Starting GoXLR Daemon v1.2.4
15:08:56 [INFO] System Locale: en_GB
15:08:56 [INFO] Performing Platform Preflight...
15:08:56 [DEBUG] (1) goxlr_daemon: HTTP Bind Address: localhost
15:08:56 [INFO] Created Path: /home/gaz/.local/share/goxlr-utility/profiles
15:08:56 [INFO] Created Path: /home/gaz/.local/share/goxlr-utility/mic-profiles
15:08:56 [INFO] Created Path: /home/gaz/.local/share/goxlr-utility/presets
15:08:56 [INFO] Created Path: /home/gaz/.local/share/goxlr-utility/icons
15:08:56 [INFO] Created Path: /home/gaz/.local/share/goxlr-utility/samples/Recorded
15:08:56 [INFO] Created Path: /home/gaz/.local/share/goxlr-utility/backups
15:08:56 [INFO] Bound IPC Socket @ Name(UdSocketPath("/tmp/goxlr.socket"))
15:08:56 [DEBUG] (21) goxlr_daemon::platform::linux::autostart: Found XDG AutoStart Path: "/home/gaz/.config/autostart"
15:08:56 [DEBUG] (16) goxlr_daemon::servers::ipc_server: Running IPC Server..
15:08:56 [DEBUG] (21) goxlr_daemon::primary_worker: Performing Firmware Version Check..
15:08:56 [INFO] Started GoXLR configuration interface at http://localhost:14564/
15:08:56 [INFO] Starting TTS Service..
15:08:56 [DEBUG] (20) goxlr_daemon::events: Starting Event Loop..
15:08:56 [DEBUG] (19) goxlr_daemon::platform::linux::sleep: Spawning Sleep Handler..
15:08:56 [DEBUG] (15) goxlr_daemon::platform::linux::sleep: Attempting to Inhibit Sleep..
15:08:56 [DEBUG] (15) goxlr_daemon::platform::linux::sleep: Inhibitor Successfully Established.
15:08:56 [DEBUG] (15) goxlr_daemon::platform::linux::sleep: Awaiting Result from 'PrepareForSleep'
15:08:56 [DEBUG] (17) goxlr_daemon::platform::linux::sleep: Preparing Lock Proxy..
15:08:56 [DEBUG] (17) goxlr_daemon::platform::linux::sleep: Entering Signal Loop..
15:08:56 [INFO] Connected to possible GoXLR device at Bus 001 Device 006: ID 1220:8fe0
15:08:56 [DEBUG] (2) goxlr_usb::device::libusb::device: Handling initial request
15:08:56 [DEBUG] (2) goxlr_daemon::device: New Device Loading..
15:08:56 [INFO] Configuring GoXLR, Profile: Default, Mic Profile: DEFAULT
15:08:56 [DEBUG] (2) goxlr_daemon::profile: Loading Profile From /home/gaz/.local/share/goxlr-utility/profiles/Default.goxlr
15:08:56 [DEBUG] (2) goxlr_profile_loader::profile: Loading Profile Archive..
15:08:56 [DEBUG] (2) goxlr_profile_loader::profile: Attempting to read profile.xml..
15:08:56 [DEBUG] (2) goxlr_profile_loader::profile: Preparing Structure..
15:08:56 [DEBUG] (2) goxlr_profile_loader::profile: MixRoutingTree { mix: {Headphones: A, Broadcast: A, LineOut: A, ChatMic: A, Sampler: A, StreamMix2: A} }
15:08:56 [DEBUG] (2) goxlr_profile_loader::profile: SubMixer { submix_enabled: false, volume_table: {Mic: 0, Chat: 0, Music: 0, Game: 0, Console: 0, LineIn: 0, System: 0, Sample: 0}, monitor_tree: MonitorTree { monitored_output: Headphones, headphone_mix: A, routing: {Mic: 8192, Chat: 8192, Music: 8192, Game: 8192, Console: 8192, LineIn: 8192, System: 8192, Sample: 8192} }, linking_tree: LinkingTree { linked_list: {Mic: true, Chat: true, Music: true, Game: true, Console: true, LineIn: true, System: true, Sample: true}, linked_ratio: {Mic: 1.0, Chat: 1.0, Music: 1.0, Game: 1.0, Console: 1.0, LineIn: 1.0, System: 1.0, Sample: 1.0} } }
15:08:56 [DEBUG] (2) goxlr_daemon::device: Profile Successfully Loaded, Performing Backup..
15:08:56 [DEBUG] (2) goxlr_profile_loader::profile: Creating Temporary Save File: "/home/gaz/.local/share/goxlr-utility/backups/Default.tmp"
15:08:56 [DEBUG] (2) goxlr_profile_loader::profile: Save Complete and synced, renaming to "/home/gaz/.local/share/goxlr-utility/backups/Default.goxlr"
15:08:56 [DEBUG] (2) goxlr_profile_loader::profile: Renaming "/home/gaz/.local/share/goxlr-utility/backups/Default.tmp" to "/home/gaz/.local/share/goxlr-utility/backups/Default.goxlr"
15:08:56 [DEBUG] (2) goxlr_daemon::device: Main Profile Backup Complete
15:08:56 [DEBUG] (2) goxlr_daemon::device: Mic Profile Successfully Loaded, Performing Backup..
15:08:56 [DEBUG] (2) goxlr_profile_loader::mic_profile: Creating Temporary Save File: "/home/gaz/.local/share/goxlr-utility/backups/DEFAULT.tmp"
15:08:56 [DEBUG] (2) goxlr_profile_loader::mic_profile: Save Complete and synced, renaming to "/home/gaz/.local/share/goxlr-utility/backups/DEFAULT.goxlrMicProfile"
15:08:56 [DEBUG] (2) goxlr_profile_loader::mic_profile: Renaming "/home/gaz/.local/share/goxlr-utility/backups/DEFAULT.tmp" to "/home/gaz/.local/share/goxlr-utility/backups/DEFAULT.goxlrMicProfile"
15:08:56 [DEBUG] (2) goxlr_daemon::device: Mic Profile Backup Complete
15:08:56 [DEBUG] (2) goxlr_daemon::audio: Attempting to Find Device..
15:08:56 [DEBUG] (47) goxlr_audio::recorder: Starting Audio Listener..
15:08:56 [DEBUG] (2) goxlr_daemon::audio: Found Device: alsa_output.usb-TC-Helicon_GoXLR-00.HiFi__Line3__sink
15:08:56 [DEBUG] (2) goxlr_daemon::device: Created Audio Handler..
15:08:56 [DEBUG] (2) goxlr_daemon::device: Ok(AudioHandler { output_device: Some("alsa_output.usb-TC-Helicon_GoXLR-00.HiFi__Line3__sink"), buffered_input: Some(BufferedRecorder { device: [goxlr_sample.*source, GoXLR_0_4_5.*source, GoXLR.*HiFi__Line5__source, CoreAudio\*Sampler(?:(?!Mini).)*$, ^WASAPI\*Sample(?:(?!Mini).)*$], producers: 0 }), last_device_check: None, active_streams: {A: {TopLeft: None, TopRight: None, BottomLeft: None, BottomRight: None}, B: {TopLeft: None, TopRight: None, BottomLeft: None, BottomRight: None}, C: {TopLeft: None, TopRight: None, BottomLeft: None, BottomRight: None}}, process_task: None })
15:08:56 [DEBUG] (2) goxlr_daemon::device: Audio Handler Loaded OK..
15:08:56 [DEBUG] (2) goxlr_daemon::device: --- DEVICE INFO ---
15:08:56 [DEBUG] (2) goxlr_daemon::device: Serial: "S200600408CQK"
15:08:56 [DEBUG] (2) goxlr_daemon::device: Firmware: 1.4.3.110
15:08:56 [DEBUG] (2) goxlr_daemon::device: DICE: 1.4.3.110
15:08:56 [DEBUG] (2) goxlr_daemon::device: Type: Full
15:08:56 [DEBUG] (2) goxlr_daemon::device: -------------------
15:08:56 [DEBUG] (2) goxlr_daemon::device: Applying Profile..
15:08:56 [DEBUG] (2) goxlr_daemon::device: Setting Faders..
15:08:56 [DEBUG] (2) goxlr_daemon::device: Setting Fader A to Mic
15:08:56 [DEBUG] (2) goxlr_daemon::device: Setting Fader B to Music
15:08:56 [DEBUG] (2) goxlr_daemon::device: Setting Fader C to Chat
15:08:56 [DEBUG] (2) goxlr_daemon::device: Setting Fader D to System
15:08:56 [DEBUG] (17) goxlr_daemon::primary_worker: Firmware Update Process Finished
15:08:56 [DEBUG] (2) goxlr_daemon::device: Setting Mute States..
15:08:56 [DEBUG] (2) goxlr_daemon::device: Applying Microphone Mute State
15:08:56 [DEBUG] (2) goxlr_daemon::device: Setting Mic to Unmuted
15:08:56 [DEBUG] (2) goxlr_daemon::device: Unknown Channel state for LineIn, Unmuting.
15:08:56 [DEBUG] (2) goxlr_daemon::device: Unknown Channel state for Console, Unmuting.
15:08:56 [DEBUG] (2) goxlr_daemon::device: Channel System on Fader, Loading State from Profile
15:08:56 [DEBUG] (2) goxlr_daemon::device: Channel System set to Unmuted (no previous)
15:08:56 [DEBUG] (2) goxlr_daemon::device: Unknown Channel state for Game, Unmuting.
15:08:56 [DEBUG] (2) goxlr_daemon::device: Channel Chat on Fader, Loading State from Profile
15:08:56 [DEBUG] (2) goxlr_daemon::device: Channel Chat set to Unmuted (no previous)
15:08:56 [DEBUG] (2) goxlr_daemon::device: Unknown Channel state for Sample, Unmuting.
15:08:56 [DEBUG] (2) goxlr_daemon::device: Channel Music on Fader, Loading State from Profile
15:08:56 [DEBUG] (2) goxlr_daemon::device: Channel Music set to Unmuted (no previous)
15:08:56 [DEBUG] (2) goxlr_daemon::device: Unknown Channel state for Headphones, Unmuting.
15:08:56 [DEBUG] (2) goxlr_daemon::device: Unknown Channel state for MicMonitor, Unmuting.
15:08:56 [DEBUG] (2) goxlr_daemon::device: Unknown Channel state for LineOut, Unmuting.
15:08:56 [DEBUG] (2) goxlr_daemon::device: Setting Channel Volumes..
15:08:56 [DEBUG] (2) goxlr_daemon::device: No reference volumes, sending channels in order
15:08:56 [DEBUG] (2) goxlr_daemon::device: Setting volume for Mic to 202
15:08:56 [DEBUG] (2) goxlr_daemon::device: Setting volume for LineIn to 128
15:08:56 [DEBUG] (2) goxlr_daemon::device: Setting volume for Console to 128
15:08:56 [DEBUG] (2) goxlr_daemon::device: Setting volume for System to 126
15:08:56 [DEBUG] (2) goxlr_daemon::device: Setting volume for Game to 128
15:08:56 [DEBUG] (2) goxlr_daemon::device: Setting volume for Chat to 124
15:08:56 [DEBUG] (2) goxlr_daemon::device: Setting volume for Sample to 255
15:08:56 [DEBUG] (2) goxlr_daemon::device: Setting volume for Music to 123
15:08:56 [DEBUG] (2) goxlr_daemon::device: Setting volume for Headphones to 255
15:08:56 [DEBUG] (2) goxlr_daemon::device: Setting volume for MicMonitor to 255
15:08:56 [DEBUG] (2) goxlr_daemon::device: Setting volume for LineOut to 255
15:08:56 [DEBUG] (2) goxlr_daemon::device: Applying Submixing Settings..
15:08:56 [DEBUG] (2) goxlr_daemon::device: Loading Colour Map..
15:08:56 [DEBUG] (2) goxlr_daemon::device: Setting Fader display modes..
15:08:56 [DEBUG] (2) goxlr_daemon::device: Setting display for A
15:08:56 [DEBUG] (2) goxlr_daemon::device: Setting display for B
15:08:56 [DEBUG] (2) goxlr_daemon::device: Setting display for C
15:08:56 [DEBUG] (2) goxlr_daemon::device: Setting display for D
15:08:56 [DEBUG] (2) goxlr_daemon::device: Updating button states..
15:08:56 [DEBUG] (2) goxlr_daemon::device: Applying Routing..
15:08:56 [DEBUG] (2) goxlr_daemon::device: IsStreamNoMusic: false
15:08:56 [DEBUG] (2) goxlr_daemon::device: Applying Routing to Microphone:
15:08:56 [DEBUG] (2) goxlr_daemon::device: IsStreamNoMusic: false
15:08:56 [DEBUG] (2) goxlr_daemon::device: Applying Routing to Chat:
15:08:56 [DEBUG] (2) goxlr_daemon::device: IsStreamNoMusic: false
15:08:56 [DEBUG] (2) goxlr_daemon::device: Applying Routing to Music:
15:08:56 [DEBUG] (2) goxlr_daemon::device: Light HardTune Enabled for Channel: Music
15:08:56 [DEBUG] (2) goxlr_daemon::device: IsStreamNoMusic: false
15:08:56 [DEBUG] (2) goxlr_daemon::device: Applying Routing to Game:
15:08:56 [DEBUG] (2) goxlr_daemon::device: Light HardTune Enabled for Channel: Game
15:08:56 [DEBUG] (2) goxlr_daemon::device: IsStreamNoMusic: false
15:08:56 [DEBUG] (2) goxlr_daemon::device: Applying Routing to Console:
15:08:56 [DEBUG] (2) goxlr_daemon::device: IsStreamNoMusic: false
15:08:56 [DEBUG] (2) goxlr_daemon::device: Applying Routing to LineIn:
15:08:56 [DEBUG] (2) goxlr_daemon::device: Light HardTune Enabled for Channel: LineIn
15:08:56 [DEBUG] (2) goxlr_daemon::device: IsStreamNoMusic: false
15:08:56 [DEBUG] (2) goxlr_daemon::device: Applying Routing to System:
15:08:56 [DEBUG] (2) goxlr_daemon::device: Light HardTune Enabled for Channel: System
15:08:56 [DEBUG] (2) goxlr_daemon::device: IsStreamNoMusic: false
15:08:56 [DEBUG] (2) goxlr_daemon::device: Applying Routing to Samples:
15:08:56 [DEBUG] (2) goxlr_daemon::device: Applying Voice FX
15:08:56 [DEBUG] (2) goxlr_daemon::device: Setting ReverbAmount to -14
15:08:56 [DEBUG] (2) goxlr_daemon::device: Setting ReverbType to 1
15:08:56 [DEBUG] (2) goxlr_daemon::device: Setting ReverbDecay to 150
15:08:56 [DEBUG] (2) goxlr_daemon::device: Setting ReverbPredelay to 100
15:08:56 [DEBUG] (2) goxlr_daemon::device: Setting ReverbDiffuse to 0
15:08:56 [DEBUG] (2) goxlr_daemon::device: Setting ReverbLowColor to 10
15:08:56 [DEBUG] (2) goxlr_daemon::device: Setting ReverbHighColor to -39
15:08:56 [DEBUG] (2) goxlr_daemon::device: Setting ReverbHighFactor to 21
15:08:56 [DEBUG] (2) goxlr_daemon::device: Setting ReverbModSpeed to -3
15:08:56 [DEBUG] (2) goxlr_daemon::device: Setting ReverbModDepth to 21
15:08:56 [DEBUG] (2) goxlr_daemon::device: Setting ReverbEarlyLevel to 0
15:08:56 [DEBUG] (2) goxlr_daemon::device: Setting ReverbTailLevel to 0
15:08:56 [DEBUG] (2) goxlr_daemon::device: Setting MegaphoneStyle to 0
15:08:56 [DEBUG] (2) goxlr_daemon::device: Setting MegaphoneAmount to 0
15:08:56 [DEBUG] (2) goxlr_daemon::device: Setting MegaphoneHP to 120
15:08:56 [DEBUG] (2) goxlr_daemon::device: Setting MegaphoneLP to 200
15:08:56 [DEBUG] (2) goxlr_daemon::device: Setting MegaphonePreGain to 0
15:08:56 [DEBUG] (2) goxlr_daemon::device: Setting MegaphonePostGain to 2
15:08:56 [DEBUG] (2) goxlr_daemon::device: Setting MegaphoneDistType to 6
15:08:56 [DEBUG] (2) goxlr_daemon::device: Setting MegaphonePresenceGain to 8
15:08:56 [DEBUG] (2) goxlr_daemon::device: Setting MegaphonePresenceFC to 135
15:08:56 [DEBUG] (2) goxlr_daemon::device: Setting MegaphonePresenceBW to 7
15:08:56 [DEBUG] (2) goxlr_daemon::device: Setting MegaphoneBeatboxEnable to 0
15:08:56 [DEBUG] (2) goxlr_daemon::device: Setting MegaphoneFilterControl to 2
15:08:56 [DEBUG] (2) goxlr_daemon::device: Setting MegaphoneFilter to 59
15:08:56 [DEBUG] (2) goxlr_daemon::device: Setting MegaphoneDrivePotGainCompMid to 0
15:08:56 [DEBUG] (2) goxlr_daemon::device: Setting MegaphoneDrivePotGainCompMax to 0
15:08:56 [DEBUG] (2) goxlr_daemon::device: Setting RobotPulseWidth to 50
15:08:56 [DEBUG] (2) goxlr_daemon::device: Setting RobotWaveform to 0
15:08:56 [DEBUG] (2) goxlr_daemon::device: Setting RobotThreshold to -36
15:08:56 [DEBUG] (2) goxlr_daemon::device: Setting RobotDryMix to -6
15:08:56 [DEBUG] (2) goxlr_daemon::device: Setting RobotLowFreq to 88
15:08:56 [DEBUG] (2) goxlr_daemon::device: Setting RobotLowGain to -10
15:08:56 [DEBUG] (2) goxlr_daemon::device: Setting RobotLowWidth to 0
15:08:56 [DEBUG] (2) goxlr_daemon::device: Setting RobotMidFreq to 173
15:08:56 [DEBUG] (2) goxlr_daemon::device: Setting RobotMidGain to 5
15:08:56 [DEBUG] (2) goxlr_daemon::device: Setting RobotMidWidth to 25
15:08:56 [DEBUG] (2) goxlr_daemon::device: Setting RobotHiFreq to 182
15:08:56 [DEBUG] (2) goxlr_daemon::device: Setting RobotHiGain to 0
15:08:56 [DEBUG] (2) goxlr_daemon::device: Setting RobotHiWidth to 0
15:08:56 [DEBUG] (2) goxlr_daemon::device: Setting RobotStyle to 0
15:08:56 [DEBUG] (2) goxlr_daemon::device: Setting HardTuneKeySource to 0
15:08:56 [DEBUG] (2) goxlr_daemon::device: Setting HardTuneAmount to 70
15:08:56 [DEBUG] (2) goxlr_daemon::device: Setting HardTuneWindow to 20
15:08:56 [DEBUG] (2) goxlr_daemon::device: Setting HardTuneRate to 20
15:08:56 [DEBUG] (2) goxlr_daemon::device: Setting HardTuneScale to 5
15:08:56 [DEBUG] (2) goxlr_daemon::device: Setting HardTunePitchAmount to 0
15:08:56 [DEBUG] (2) goxlr_daemon::device: Setting EchoAmount to -36
15:08:56 [DEBUG] (2) goxlr_daemon::device: Setting EchoSource to 1
15:08:56 [DEBUG] (2) goxlr_daemon::device: Setting EchoDivL to 9
15:08:56 [DEBUG] (2) goxlr_daemon::device: Setting EchoDivR to 9
15:08:56 [DEBUG] (2) goxlr_daemon::device: Setting EchoFeedbackL to 50
15:08:56 [DEBUG] (2) goxlr_daemon::device: Setting EchoFeedbackR to 50
15:08:56 [DEBUG] (2) goxlr_daemon::device: Setting EchoXFBLtoR to 0
15:08:56 [DEBUG] (2) goxlr_daemon::device: Setting EchoXFBRtoL to 0
15:08:56 [DEBUG] (2) goxlr_daemon::device: Setting EchoFeedback to 30
15:08:56 [DEBUG] (2) goxlr_daemon::device: Setting EchoFilterStyle to 0
15:08:56 [DEBUG] (2) goxlr_daemon::device: Setting EchoTempo to 149
15:08:56 [DEBUG] (2) goxlr_daemon::device: Setting PitchAmount to 0
15:08:56 [DEBUG] (2) goxlr_daemon::device: Setting PitchCharacter to 100
15:08:56 [DEBUG] (2) goxlr_daemon::device: Setting PitchThreshold to -36
15:08:56 [DEBUG] (2) goxlr_daemon::device: Setting GenderAmount to 0
15:08:56 [DEBUG] (2) goxlr_daemon::device: Setting Encoder1Enabled to 0
15:08:56 [DEBUG] (2) goxlr_daemon::device: Setting Encoder2Enabled to 0
15:08:56 [DEBUG] (2) goxlr_daemon::device: Setting Encoder3Enabled to 0
15:08:56 [DEBUG] (2) goxlr_daemon::device: Setting Encoder4Enabled to 0
15:08:56 [DEBUG] (2) goxlr_daemon::device: Setting MegaphoneEnabled to 0
15:08:56 [DEBUG] (2) goxlr_daemon::device: Setting HardTuneEnabled to 0
15:08:56 [DEBUG] (2) goxlr_daemon::device: Setting RobotEnabled to 0
15:08:56 [DEBUG] (2) goxlr_daemon::device: Setting MicInputMute to 0
15:08:56 [DEBUG] (2) goxlr_daemon::device: Validating Sampler Configuration..
15:08:56 [DEBUG] (2) goxlr_daemon::device: Setting BleepLevel to -10
15:08:56 [DEBUG] (2) goxlr_daemon::device: Setting Equalizer8KHzGain to 0
15:08:56 [DEBUG] (2) goxlr_daemon::device: Setting Equalizer16KHzGain to 0
15:08:56 [DEBUG] (2) goxlr_daemon::device: Setting Equalizer4KHzGain to 0
15:08:56 [DEBUG] (2) goxlr_daemon::device: Setting Equalizer8KHzFrequency to 207
15:08:56 [DEBUG] (2) goxlr_daemon::device: Setting Equalizer31HzFrequency to 16
15:08:56 [DEBUG] (2) goxlr_daemon::device: Setting GateRelease to 19
15:08:56 [DEBUG] (2) goxlr_daemon::device: Setting Equalizer4KHzFrequency to 183
15:08:56 [DEBUG] (2) goxlr_daemon::device: Setting DeEsser to 0
15:08:56 [DEBUG] (2) goxlr_daemon::device: Setting GateEnabled to 1
15:08:56 [DEBUG] (2) goxlr_daemon::device: Setting CompressorAttack to 1
15:08:56 [DEBUG] (2) goxlr_daemon::device: Setting GateThreshold to -59
15:08:56 [DEBUG] (2) goxlr_daemon::device: Setting Equalizer63HzFrequency to 40
15:08:56 [DEBUG] (2) goxlr_daemon::device: Setting Equalizer500HzFrequency to 111
15:08:56 [DEBUG] (2) goxlr_daemon::device: Setting Equalizer2KHzGain to 0
15:08:56 [DEBUG] (2) goxlr_daemon::device: Setting MicInputMute to 0
15:08:56 [DEBUG] (2) goxlr_daemon::device: Setting Equalizer125HzFrequency to 63
15:08:56 [DEBUG] (2) goxlr_daemon::device: Setting Equalizer2KHzFrequency to 159
15:08:56 [DEBUG] (2) goxlr_daemon::device: Setting CompressorMakeUpGain to 0
15:08:56 [DEBUG] (2) goxlr_daemon::device: Setting Equalizer31HzGain to 0
15:08:56 [DEBUG] (2) goxlr_daemon::device: Setting Equalizer500HzGain to 0
15:08:56 [DEBUG] (2) goxlr_daemon::device: Setting Equalizer1KHzGain to 0
15:08:56 [DEBUG] (2) goxlr_daemon::device: Setting Equalizer250HzFrequency to 87
15:08:56 [DEBUG] (2) goxlr_daemon::device: Setting Equalizer250HzGain to 0
15:08:56 [DEBUG] (2) goxlr_daemon::device: Setting CompressorThreshold to 0
15:08:56 [DEBUG] (2) goxlr_daemon::device: Setting GateMode to 2
15:08:56 [DEBUG] (2) goxlr_daemon::device: Setting Equalizer125HzGain to 0
15:08:56 [DEBUG] (2) goxlr_daemon::device: Setting GateAttack to 0
15:08:56 [DEBUG] (2) goxlr_daemon::device: Setting GateAttenuation to -61
15:08:56 [DEBUG] (2) goxlr_daemon::device: Setting CompressorRelease to 9
15:08:56 [DEBUG] (2) goxlr_daemon::device: Setting Equalizer1KHzFrequency to 135
15:08:56 [DEBUG] (2) goxlr_daemon::device: Setting CompressorRatio to 9
15:08:56 [DEBUG] (2) goxlr_daemon::device: Setting Equalizer16KHzFrequency to 231
15:08:56 [DEBUG] (2) goxlr_daemon::device: Setting Equalizer63HzGain to 0
15:08:56 [DEBUG] (2) goxlr_daemon::settings: Saving Settings
15:08:56 [DEBUG] (2) goxlr_daemon::settings: Creating Temporary Save File: "/home/gaz/.config/goxlr-utility/settings.tmp"
15:08:56 [DEBUG] (2) goxlr_daemon::settings: Save Complete and synced, renaming to "/home/gaz/.config/goxlr-utility/settings.json"
15:08:56 [DEBUG] (2) goxlr_daemon::settings: Target exists, removing..
15:08:56 [DEBUG] (2) goxlr_daemon::settings: Renaming "/home/gaz/.config/goxlr-utility/settings.tmp" to "/home/gaz/.config/goxlr-utility/settings.json"
15:08:56 [DEBUG] (2) goxlr_daemon::settings: Settings Saved.
15:08:56 [DEBUG] (2) goxlr_daemon::device: Updating Mic volume from 202 to 201 as a human moved the fader
15:08:56 [DEBUG] (2) goxlr_daemon::device: Updating Music volume from 123 to 124 as a human moved the fader
15:08:56 [DEBUG] (2) goxlr_daemon::device: Updating Chat volume from 124 to 123 as a human moved the fader
15:08:56 [DEBUG] (2) goxlr_daemon::device: Updating System volume from 126 to 123 as a human moved the fader
15:08:56 [DEBUG] (27) goxlr_daemon::servers::http_server: Building Scribble Image for S200600408CQK - A
15:08:56 [DEBUG] (27) goxlr_daemon::servers::http_server: Creating Image 128x64
15:08:56 [DEBUG] (30) goxlr_daemon::servers::http_server: Building Scribble Image for S200600408CQK - B
15:08:56 [DEBUG] (30) goxlr_daemon::servers::http_server: Creating Image 128x64
15:08:56 [DEBUG] (31) goxlr_daemon::servers::http_server: Building Scribble Image for S200600408CQK - C
15:08:56 [DEBUG] (31) goxlr_daemon::servers::http_server: Creating Image 128x64
15:08:56 [DEBUG] (32) goxlr_daemon::servers::http_server: Building Scribble Image for S200600408CQK - D
15:08:56 [DEBUG] (32) goxlr_daemon::servers::http_server: Creating Image 128x64
15:09:34 [DEBUG] (14) goxlr_daemon::profile: Loading Profile From /home/gaz/.local/share/goxlr-utility/profiles/Sleep.goxlr
15:09:34 [DEBUG] (14) goxlr_profile_loader::profile: Loading Profile Archive..
15:09:34 [DEBUG] (14) goxlr_profile_loader::profile: Attempting to read profile.xml..
15:09:34 [DEBUG] (14) goxlr_profile_loader::profile: Preparing Structure..
15:09:34 [DEBUG] (14) goxlr_profile_loader::profile: MixRoutingTree { mix: {Headphones: A, Broadcast: A, LineOut: A, ChatMic: A, Sampler: A, StreamMix2: A} }
15:09:34 [DEBUG] (14) goxlr_profile_loader::profile: SubMixer { submix_enabled: false, volume_table: {Mic: 0, Chat: 0, Music: 0, Game: 0, Console: 0, LineIn: 0, System: 0, Sample: 0}, monitor_tree: MonitorTree { monitored_output: Headphones, headphone_mix: A, routing: {Mic: 8192, Chat: 8192, Music: 8192, Game: 8192, Console: 8192, LineIn: 8192, System: 8192, Sample: 8192} }, linking_tree: LinkingTree { linked_list: {Mic: true, Chat: true, Music: true, Game: true, Console: true, LineIn: true, System: true, Sample: true}, linked_ratio: {Mic: 1.0, Chat: 1.0, Music: 1.0, Game: 1.0, Console: 1.0, LineIn: 1.0, System: 1.0, Sample: 1.0} } }
15:09:34 [DEBUG] (14) goxlr_daemon::device: Profile Successfully Loaded, Performing Backup..
15:09:34 [DEBUG] (14) goxlr_profile_loader::profile: Creating Temporary Save File: "/home/gaz/.local/share/goxlr-utility/backups/Sleep.tmp"
15:09:34 [DEBUG] (14) goxlr_profile_loader::profile: Save Complete and synced, renaming to "/home/gaz/.local/share/goxlr-utility/backups/Sleep.goxlr"
15:09:34 [DEBUG] (14) goxlr_profile_loader::profile: Renaming "/home/gaz/.local/share/goxlr-utility/backups/Sleep.tmp" to "/home/gaz/.local/share/goxlr-utility/backups/Sleep.goxlr"
15:09:34 [DEBUG] (14) goxlr_daemon::device: Backup Complete
15:09:34 [DEBUG] (14) goxlr_daemon::device: Applying Profile..
15:09:34 [DEBUG] (14) goxlr_daemon::device: Setting Faders..
15:09:34 [DEBUG] (14) goxlr_daemon::device: Setting Fader A to Mic
15:09:34 [DEBUG] (14) goxlr_daemon::device: Setting Fader B to Music
15:09:34 [DEBUG] (14) goxlr_daemon::device: Setting Fader C to Chat
15:09:34 [DEBUG] (14) goxlr_daemon::device: Setting Fader D to System
15:09:34 [DEBUG] (14) goxlr_daemon::device: Setting Mute States..
15:09:34 [DEBUG] (14) goxlr_daemon::device: Applying Microphone Mute State
15:09:34 [DEBUG] (14) goxlr_daemon::device: Setting Mic to Unmuted
15:09:34 [DEBUG] (14) goxlr_daemon::device: Channel System on Fader, Loading State from Profile
15:09:34 [DEBUG] (14) goxlr_daemon::device: Channel D already Unmuted, doing nothing.
15:09:34 [DEBUG] (14) goxlr_daemon::device: Channel Chat on Fader, Loading State from Profile
15:09:34 [DEBUG] (14) goxlr_daemon::device: Channel C already Unmuted, doing nothing.
15:09:34 [DEBUG] (14) goxlr_daemon::device: Channel Music on Fader, Loading State from Profile
15:09:34 [DEBUG] (14) goxlr_daemon::device: Channel B already Unmuted, doing nothing.
15:09:34 [DEBUG] (14) goxlr_daemon::device: Setting Channel Volumes..
15:09:34 [DEBUG] (14) goxlr_daemon::device: Setting volume for Mic to 0
15:09:34 [DEBUG] (14) goxlr_daemon::device: Setting volume for LineIn to 128
15:09:34 [DEBUG] (14) goxlr_daemon::device: Setting volume for Console to 128
15:09:34 [DEBUG] (14) goxlr_daemon::device: Setting volume for System to 0
15:09:34 [DEBUG] (14) goxlr_daemon::device: Setting volume for Game to 128
15:09:34 [DEBUG] (14) goxlr_daemon::device: Setting volume for Chat to 0
15:09:34 [DEBUG] (14) goxlr_daemon::device: Setting volume for Sample to 207
15:09:34 [DEBUG] (14) goxlr_daemon::device: Setting volume for Music to 0
15:09:34 [DEBUG] (14) goxlr_daemon::device: Setting volume for MicMonitor to 255
15:09:34 [DEBUG] (14) goxlr_daemon::device: Setting volume for Headphones to 255
15:09:34 [DEBUG] (14) goxlr_daemon::device: Setting volume for LineOut to 255
15:09:34 [DEBUG] (14) goxlr_daemon::device: Applying Submixing Settings..
15:09:34 [DEBUG] (14) goxlr_daemon::device: Loading Colour Map..
15:09:34 [DEBUG] (14) goxlr_daemon::device: Setting Fader display modes..
15:09:34 [DEBUG] (14) goxlr_daemon::device: Setting display for A
15:09:34 [DEBUG] (14) goxlr_daemon::device: Setting display for B
15:09:34 [DEBUG] (14) goxlr_daemon::device: Setting display for C
15:09:34 [DEBUG] (14) goxlr_daemon::device: Setting display for D
15:09:34 [DEBUG] (14) goxlr_daemon::device: Updating button states..
15:09:34 [DEBUG] (14) goxlr_daemon::device: Applying Routing..
15:09:34 [DEBUG] (14) goxlr_daemon::device: IsStreamNoMusic: false
15:09:34 [DEBUG] (14) goxlr_daemon::device: Applying Routing to Microphone:
15:09:34 [DEBUG] (14) goxlr_daemon::device: IsStreamNoMusic: false
15:09:34 [DEBUG] (14) goxlr_daemon::device: Applying Routing to Chat:
15:09:34 [DEBUG] (14) goxlr_daemon::device: IsStreamNoMusic: false
15:09:34 [DEBUG] (14) goxlr_daemon::device: Applying Routing to Music:
15:09:34 [DEBUG] (14) goxlr_daemon::device: Light HardTune Enabled for Channel: Music
15:09:34 [DEBUG] (14) goxlr_daemon::device: IsStreamNoMusic: false
15:09:34 [DEBUG] (14) goxlr_daemon::device: Applying Routing to Game:
15:09:34 [DEBUG] (14) goxlr_daemon::device: Light HardTune Enabled for Channel: Game
15:09:34 [DEBUG] (14) goxlr_daemon::device: IsStreamNoMusic: false
15:09:34 [DEBUG] (14) goxlr_daemon::device: Applying Routing to Console:
15:09:34 [DEBUG] (14) goxlr_daemon::device: IsStreamNoMusic: false
15:09:34 [DEBUG] (14) goxlr_daemon::device: Applying Routing to LineIn:
15:09:34 [DEBUG] (14) goxlr_daemon::device: Light HardTune Enabled for Channel: LineIn
15:09:34 [DEBUG] (14) goxlr_daemon::device: IsStreamNoMusic: false
15:09:34 [DEBUG] (14) goxlr_daemon::device: Applying Routing to System:
15:09:34 [DEBUG] (14) goxlr_daemon::device: Light HardTune Enabled for Channel: System
15:09:34 [DEBUG] (14) goxlr_daemon::device: IsStreamNoMusic: false
15:09:34 [DEBUG] (14) goxlr_daemon::device: Applying Routing to Samples:
15:09:34 [DEBUG] (14) goxlr_daemon::device: Applying Voice FX
15:09:34 [DEBUG] (14) goxlr_daemon::device: Setting ReverbAmount to -36
15:09:34 [DEBUG] (14) goxlr_daemon::device: Setting ReverbType to 5
15:09:34 [DEBUG] (14) goxlr_daemon::device: Setting ReverbDecay to 96
15:09:34 [DEBUG] (14) goxlr_daemon::device: Setting ReverbPredelay to 0
15:09:34 [DEBUG] (14) goxlr_daemon::device: Setting ReverbDiffuse to -50
15:09:34 [DEBUG] (14) goxlr_daemon::device: Setting ReverbLowColor to 0
15:09:34 [DEBUG] (14) goxlr_daemon::device: Setting ReverbHighColor to -50
15:09:34 [DEBUG] (14) goxlr_daemon::device: Setting ReverbHighFactor to -25
15:09:34 [DEBUG] (14) goxlr_daemon::device: Setting ReverbModSpeed to -25
15:09:34 [DEBUG] (14) goxlr_daemon::device: Setting ReverbModDepth to -25
15:09:34 [DEBUG] (14) goxlr_daemon::device: Setting ReverbEarlyLevel to -25
15:09:34 [DEBUG] (14) goxlr_daemon::device: Setting ReverbTailLevel to 0
15:09:34 [DEBUG] (14) goxlr_daemon::device: Setting MegaphoneStyle to 1
15:09:34 [DEBUG] (14) goxlr_daemon::device: Setting MegaphoneAmount to 30
15:09:34 [DEBUG] (14) goxlr_daemon::device: Setting MegaphoneHP to 110
15:09:34 [DEBUG] (14) goxlr_daemon::device: Setting MegaphoneLP to 190
15:09:34 [DEBUG] (14) goxlr_daemon::device: Setting MegaphonePreGain to 0
15:09:34 [DEBUG] (14) goxlr_daemon::device: Setting MegaphonePostGain to 2
15:09:34 [DEBUG] (14) goxlr_daemon::device: Setting MegaphoneDistType to 4
15:09:34 [DEBUG] (14) goxlr_daemon::device: Setting MegaphonePresenceGain to 7
15:09:34 [DEBUG] (14) goxlr_daemon::device: Setting MegaphonePresenceFC to 160
15:09:34 [DEBUG] (14) goxlr_daemon::device: Setting MegaphonePresenceBW to 5
15:09:34 [DEBUG] (14) goxlr_daemon::device: Setting MegaphoneBeatboxEnable to 0
15:09:34 [DEBUG] (14) goxlr_daemon::device: Setting MegaphoneFilterControl to 1
15:09:34 [DEBUG] (14) goxlr_daemon::device: Setting MegaphoneFilter to 59
15:09:34 [DEBUG] (14) goxlr_daemon::device: Setting MegaphoneDrivePotGainCompMid to 0
15:09:34 [DEBUG] (14) goxlr_daemon::device: Setting MegaphoneDrivePotGainCompMax to 5
15:09:34 [DEBUG] (14) goxlr_daemon::device: Setting RobotPulseWidth to 50
15:09:34 [DEBUG] (14) goxlr_daemon::device: Setting RobotWaveform to 1
15:09:34 [DEBUG] (14) goxlr_daemon::device: Setting RobotThreshold to -36
15:09:34 [DEBUG] (14) goxlr_daemon::device: Setting RobotDryMix to -6
15:09:34 [DEBUG] (14) goxlr_daemon::device: Setting RobotLowFreq to 88
15:09:34 [DEBUG] (14) goxlr_daemon::device: Setting RobotLowGain to -10
15:09:34 [DEBUG] (14) goxlr_daemon::device: Setting RobotLowWidth to 0
15:09:34 [DEBUG] (14) goxlr_daemon::device: Setting RobotMidFreq to 173
15:09:34 [DEBUG] (14) goxlr_daemon::device: Setting RobotMidGain to 5
15:09:34 [DEBUG] (14) goxlr_daemon::device: Setting RobotMidWidth to 25
15:09:34 [DEBUG] (14) goxlr_daemon::device: Setting RobotHiFreq to 182
15:09:34 [DEBUG] (14) goxlr_daemon::device: Setting RobotHiGain to 0
15:09:34 [DEBUG] (14) goxlr_daemon::device: Setting RobotHiWidth to 0
15:09:34 [DEBUG] (14) goxlr_daemon::device: Setting RobotStyle to 1
15:09:34 [DEBUG] (14) goxlr_daemon::device: Setting HardTuneKeySource to 0
15:09:34 [DEBUG] (14) goxlr_daemon::device: Setting HardTuneAmount to 100
15:09:34 [DEBUG] (14) goxlr_daemon::device: Setting HardTuneWindow to 60
15:09:34 [DEBUG] (14) goxlr_daemon::device: Setting HardTuneRate to 100
15:09:34 [DEBUG] (14) goxlr_daemon::device: Setting HardTuneScale to 5
15:09:34 [DEBUG] (14) goxlr_daemon::device: Setting HardTunePitchAmount to 0
15:09:34 [DEBUG] (14) goxlr_daemon::device: Setting EchoAmount to -36
15:09:34 [DEBUG] (14) goxlr_daemon::device: Setting EchoSource to 1
15:09:34 [DEBUG] (14) goxlr_daemon::device: Setting EchoDivL to 10
15:09:34 [DEBUG] (14) goxlr_daemon::device: Setting EchoDivR to 13
15:09:34 [DEBUG] (14) goxlr_daemon::device: Setting EchoFeedbackL to 50
15:09:34 [DEBUG] (14) goxlr_daemon::device: Setting EchoFeedbackR to 0
15:09:34 [DEBUG] (14) goxlr_daemon::device: Setting EchoXFBLtoR to 100
15:09:34 [DEBUG] (14) goxlr_daemon::device: Setting EchoXFBRtoL to 0
15:09:34 [DEBUG] (14) goxlr_daemon::device: Setting EchoFeedback to 55
15:09:34 [DEBUG] (14) goxlr_daemon::device: Setting EchoFilterStyle to 0
15:09:34 [DEBUG] (14) goxlr_daemon::device: Setting EchoTempo to 120
15:09:34 [DEBUG] (14) goxlr_daemon::device: Setting PitchAmount to 0
15:09:34 [DEBUG] (14) goxlr_daemon::device: Setting PitchCharacter to 100
15:09:34 [DEBUG] (14) goxlr_daemon::device: Setting PitchThreshold to -26
15:09:34 [DEBUG] (14) goxlr_daemon::device: Setting GenderAmount to 0
15:09:34 [DEBUG] (14) goxlr_daemon::device: Setting Encoder1Enabled to 0
15:09:34 [DEBUG] (14) goxlr_daemon::device: Setting Encoder2Enabled to 0
15:09:34 [DEBUG] (14) goxlr_daemon::device: Setting Encoder3Enabled to 0
15:09:34 [DEBUG] (14) goxlr_daemon::device: Setting Encoder4Enabled to 0
15:09:34 [DEBUG] (14) goxlr_daemon::device: Setting MegaphoneEnabled to 0
15:09:34 [DEBUG] (14) goxlr_daemon::device: Setting HardTuneEnabled to 0
15:09:34 [DEBUG] (14) goxlr_daemon::device: Setting RobotEnabled to 0
15:09:34 [DEBUG] (14) goxlr_daemon::device: Setting MicInputMute to 0
15:09:34 [DEBUG] (14) goxlr_daemon::device: Validating Sampler Configuration..
15:09:34 [DEBUG] (14) goxlr_daemon::settings: Saving Settings
15:09:34 [DEBUG] (14) goxlr_daemon::settings: Creating Temporary Save File: "/home/gaz/.config/goxlr-utility/settings.tmp"
15:09:34 [DEBUG] (14) goxlr_daemon::settings: Save Complete and synced, renaming to "/home/gaz/.config/goxlr-utility/settings.json"
15:09:34 [DEBUG] (14) goxlr_daemon::settings: Target exists, removing..
15:09:34 [DEBUG] (14) goxlr_daemon::settings: Renaming "/home/gaz/.config/goxlr-utility/settings.tmp" to "/home/gaz/.config/goxlr-utility/settings.json"
15:09:34 [DEBUG] (14) goxlr_daemon::settings: Settings Saved.
15:09:34 [DEBUG] (33) goxlr_daemon::servers::http_server: Building Scribble Image for S200600408CQK - A
15:09:34 [DEBUG] (33) goxlr_daemon::servers::http_server: Creating Image 128x64
15:09:34 [DEBUG] (35) goxlr_daemon::servers::http_server: Building Scribble Image for S200600408CQK - C
15:09:34 [DEBUG] (35) goxlr_daemon::servers::http_server: Creating Image 128x64
15:09:34 [DEBUG] (36) goxlr_daemon::servers::http_server: Building Scribble Image for S200600408CQK - D
15:09:34 [DEBUG] (36) goxlr_daemon::servers::http_server: Creating Image 128x64
15:09:34 [DEBUG] (34) goxlr_daemon::servers::http_server: Building Scribble Image for S200600408CQK - B
15:09:34 [DEBUG] (34) goxlr_daemon::servers::http_server: Creating Image 128x64
15:09:38 [DEBUG] (20) goxlr_daemon::profile: Loading Profile From /home/gaz/.local/share/goxlr-utility/profiles/Default.goxlr
15:09:38 [DEBUG] (20) goxlr_profile_loader::profile: Loading Profile Archive..
15:09:38 [DEBUG] (20) goxlr_profile_loader::profile: Attempting to read profile.xml..
15:09:38 [DEBUG] (20) goxlr_profile_loader::profile: Preparing Structure..
15:09:38 [DEBUG] (20) goxlr_profile_loader::profile: MixRoutingTree { mix: {Headphones: A, Broadcast: A, LineOut: A, ChatMic: A, Sampler: A, StreamMix2: A} }
15:09:38 [DEBUG] (20) goxlr_profile_loader::profile: SubMixer { submix_enabled: false, volume_table: {Mic: 0, Chat: 0, Music: 0, Game: 0, Console: 0, LineIn: 0, System: 0, Sample: 0}, monitor_tree: MonitorTree { monitored_output: Headphones, headphone_mix: A, routing: {Mic: 8192, Chat: 8192, Music: 8192, Game: 8192, Console: 8192, LineIn: 8192, System: 8192, Sample: 8192} }, linking_tree: LinkingTree { linked_list: {Mic: true, Chat: true, Music: true, Game: true, Console: true, LineIn: true, System: true, Sample: true}, linked_ratio: {Mic: 1.0, Chat: 1.0, Music: 1.0, Game: 1.0, Console: 1.0, LineIn: 1.0, System: 1.0, Sample: 1.0} } }
15:09:38 [DEBUG] (20) goxlr_daemon::device: Profile Successfully Loaded, Performing Backup..
15:09:38 [DEBUG] (20) goxlr_profile_loader::profile: Creating Temporary Save File: "/home/gaz/.local/share/goxlr-utility/backups/Default.tmp"
15:09:38 [DEBUG] (20) goxlr_profile_loader::profile: Save Complete and synced, renaming to "/home/gaz/.local/share/goxlr-utility/backups/Default.goxlr"
15:09:38 [DEBUG] (20) goxlr_profile_loader::profile: Target profile exists, removing..
15:09:38 [DEBUG] (20) goxlr_profile_loader::profile: Renaming "/home/gaz/.local/share/goxlr-utility/backups/Default.tmp" to "/home/gaz/.local/share/goxlr-utility/backups/Default.goxlr"
15:09:38 [DEBUG] (20) goxlr_daemon::device: Backup Complete
15:09:38 [DEBUG] (20) goxlr_daemon::device: Applying Profile..
15:09:38 [DEBUG] (20) goxlr_daemon::device: Setting Faders..
15:09:38 [DEBUG] (20) goxlr_daemon::device: Setting Fader A to Mic
15:09:38 [DEBUG] (20) goxlr_daemon::device: Setting Fader B to Music
15:09:38 [DEBUG] (20) goxlr_daemon::device: Setting Fader C to Chat
15:09:38 [DEBUG] (20) goxlr_daemon::device: Setting Fader D to System
15:09:38 [DEBUG] (20) goxlr_daemon::device: Setting Mute States..
15:09:38 [DEBUG] (20) goxlr_daemon::device: Applying Microphone Mute State
15:09:38 [DEBUG] (20) goxlr_daemon::device: Setting Mic to Unmuted
15:09:38 [DEBUG] (20) goxlr_daemon::device: Channel System on Fader, Loading State from Profile
15:09:38 [DEBUG] (20) goxlr_daemon::device: Channel D already Unmuted, doing nothing.
15:09:38 [DEBUG] (20) goxlr_daemon::device: Channel Chat on Fader, Loading State from Profile
15:09:38 [DEBUG] (20) goxlr_daemon::device: Channel C already Unmuted, doing nothing.
15:09:38 [DEBUG] (20) goxlr_daemon::device: Channel Music on Fader, Loading State from Profile
15:09:38 [DEBUG] (20) goxlr_daemon::device: Channel B already Unmuted, doing nothing.
15:09:38 [DEBUG] (20) goxlr_daemon::device: Setting Channel Volumes..
15:09:38 [DEBUG] (20) goxlr_daemon::device: Setting volume for Mic to 202
15:09:38 [DEBUG] (20) goxlr_daemon::device: Setting volume for LineIn to 128
15:09:38 [DEBUG] (20) goxlr_daemon::device: Setting volume for Console to 128
15:09:38 [DEBUG] (20) goxlr_daemon::device: Setting volume for System to 126
15:09:38 [DEBUG] (20) goxlr_daemon::device: Setting volume for Game to 128
15:09:38 [DEBUG] (20) goxlr_daemon::device: Setting volume for Chat to 124
15:09:38 [DEBUG] (20) goxlr_daemon::device: Setting volume for Sample to 255
15:09:38 [DEBUG] (20) goxlr_daemon::device: Setting volume for Music to 123
15:09:38 [DEBUG] (20) goxlr_daemon::device: Setting volume for MicMonitor to 255
15:09:38 [DEBUG] (20) goxlr_daemon::device: Setting volume for Headphones to 255
15:09:38 [DEBUG] (20) goxlr_daemon::device: Setting volume for LineOut to 255
15:09:38 [DEBUG] (20) goxlr_daemon::device: Applying Submixing Settings..
15:09:38 [DEBUG] (20) goxlr_daemon::device: Loading Colour Map..
15:09:38 [DEBUG] (20) goxlr_daemon::device: Setting Fader display modes..
15:09:38 [DEBUG] (20) goxlr_daemon::device: Setting display for A
15:09:38 [DEBUG] (20) goxlr_daemon::device: Setting display for B
15:09:38 [DEBUG] (20) goxlr_daemon::device: Setting display for C
15:09:38 [DEBUG] (20) goxlr_daemon::device: Setting display for D
15:09:38 [DEBUG] (20) goxlr_daemon::device: Updating button states..
15:09:38 [DEBUG] (20) goxlr_daemon::device: Applying Routing..
15:09:38 [DEBUG] (20) goxlr_daemon::device: IsStreamNoMusic: false
15:09:38 [DEBUG] (20) goxlr_daemon::device: Applying Routing to Microphone:
15:09:38 [DEBUG] (20) goxlr_daemon::device: IsStreamNoMusic: false
15:09:38 [DEBUG] (20) goxlr_daemon::device: Applying Routing to Chat:
15:09:38 [DEBUG] (20) goxlr_daemon::device: IsStreamNoMusic: false
15:09:38 [DEBUG] (20) goxlr_daemon::device: Applying Routing to Music:
15:09:38 [DEBUG] (20) goxlr_daemon::device: Light HardTune Enabled for Channel: Music
15:09:38 [DEBUG] (20) goxlr_daemon::device: IsStreamNoMusic: false
15:09:38 [DEBUG] (20) goxlr_daemon::device: Applying Routing to Game:
15:09:38 [DEBUG] (20) goxlr_daemon::device: Light HardTune Enabled for Channel: Game
15:09:38 [DEBUG] (20) goxlr_daemon::device: IsStreamNoMusic: false
15:09:38 [DEBUG] (20) goxlr_daemon::device: Applying Routing to Console:
15:09:38 [DEBUG] (20) goxlr_daemon::device: IsStreamNoMusic: false
15:09:38 [DEBUG] (20) goxlr_daemon::device: Applying Routing to LineIn:
15:09:38 [DEBUG] (20) goxlr_daemon::device: Light HardTune Enabled for Channel: LineIn
15:09:38 [DEBUG] (20) goxlr_daemon::device: IsStreamNoMusic: false
15:09:38 [DEBUG] (20) goxlr_daemon::device: Applying Routing to System:
15:09:38 [DEBUG] (20) goxlr_daemon::device: Light HardTune Enabled for Channel: System
15:09:38 [DEBUG] (20) goxlr_daemon::device: IsStreamNoMusic: false
15:09:38 [DEBUG] (20) goxlr_daemon::device: Applying Routing to Samples:
15:09:38 [DEBUG] (20) goxlr_daemon::device: Applying Voice FX
15:09:38 [DEBUG] (20) goxlr_daemon::device: Setting ReverbAmount to -14
15:09:38 [DEBUG] (20) goxlr_daemon::device: Setting ReverbType to 1
15:09:38 [DEBUG] (20) goxlr_daemon::device: Setting ReverbDecay to 150
15:09:38 [DEBUG] (20) goxlr_daemon::device: Setting ReverbPredelay to 100
15:09:38 [DEBUG] (20) goxlr_daemon::device: Setting ReverbDiffuse to 0
15:09:38 [DEBUG] (20) goxlr_daemon::device: Setting ReverbLowColor to 10
15:09:38 [DEBUG] (20) goxlr_daemon::device: Setting ReverbHighColor to -39
15:09:38 [DEBUG] (20) goxlr_daemon::device: Setting ReverbHighFactor to 21
15:09:38 [DEBUG] (20) goxlr_daemon::device: Setting ReverbModSpeed to -3
15:09:38 [DEBUG] (20) goxlr_daemon::device: Setting ReverbModDepth to 21
15:09:38 [DEBUG] (20) goxlr_daemon::device: Setting ReverbEarlyLevel to 0
15:09:38 [DEBUG] (20) goxlr_daemon::device: Setting ReverbTailLevel to 0
15:09:38 [DEBUG] (20) goxlr_daemon::device: Setting MegaphoneStyle to 0
15:09:38 [DEBUG] (20) goxlr_daemon::device: Setting MegaphoneAmount to 0
15:09:38 [DEBUG] (20) goxlr_daemon::device: Setting MegaphoneHP to 120
15:09:38 [DEBUG] (20) goxlr_daemon::device: Setting MegaphoneLP to 200
15:09:38 [DEBUG] (20) goxlr_daemon::device: Setting MegaphonePreGain to 0
15:09:38 [DEBUG] (20) goxlr_daemon::device: Setting MegaphonePostGain to 2
15:09:38 [DEBUG] (20) goxlr_daemon::device: Setting MegaphoneDistType to 6
15:09:38 [DEBUG] (20) goxlr_daemon::device: Setting MegaphonePresenceGain to 8
15:09:38 [DEBUG] (20) goxlr_daemon::device: Setting MegaphonePresenceFC to 135
15:09:38 [DEBUG] (20) goxlr_daemon::device: Setting MegaphonePresenceBW to 7
15:09:38 [DEBUG] (20) goxlr_daemon::device: Setting MegaphoneBeatboxEnable to 0
15:09:38 [DEBUG] (20) goxlr_daemon::device: Setting MegaphoneFilterControl to 2
15:09:38 [DEBUG] (20) goxlr_daemon::device: Setting MegaphoneFilter to 59
15:09:38 [DEBUG] (20) goxlr_daemon::device: Setting MegaphoneDrivePotGainCompMid to 0
15:09:38 [DEBUG] (20) goxlr_daemon::device: Setting MegaphoneDrivePotGainCompMax to 0
15:09:38 [DEBUG] (20) goxlr_daemon::device: Setting RobotPulseWidth to 50
15:09:38 [DEBUG] (20) goxlr_daemon::device: Setting RobotWaveform to 0
15:09:38 [DEBUG] (20) goxlr_daemon::device: Setting RobotThreshold to -36
15:09:38 [DEBUG] (20) goxlr_daemon::device: Setting RobotDryMix to -6
15:09:38 [DEBUG] (20) goxlr_daemon::device: Setting RobotLowFreq to 88
15:09:38 [DEBUG] (20) goxlr_daemon::device: Setting RobotLowGain to -10
15:09:38 [DEBUG] (20) goxlr_daemon::device: Setting RobotLowWidth to 0
15:09:38 [DEBUG] (20) goxlr_daemon::device: Setting RobotMidFreq to 173
15:09:38 [DEBUG] (20) goxlr_daemon::device: Setting RobotMidGain to 5
15:09:38 [DEBUG] (20) goxlr_daemon::device: Setting RobotMidWidth to 25
15:09:38 [DEBUG] (20) goxlr_daemon::device: Setting RobotHiFreq to 182
15:09:38 [DEBUG] (20) goxlr_daemon::device: Setting RobotHiGain to 0
15:09:38 [DEBUG] (20) goxlr_daemon::device: Setting RobotHiWidth to 0
15:09:38 [DEBUG] (20) goxlr_daemon::device: Setting RobotStyle to 0
15:09:38 [DEBUG] (20) goxlr_daemon::device: Setting HardTuneKeySource to 0
15:09:38 [DEBUG] (20) goxlr_daemon::device: Setting HardTuneAmount to 70
15:09:38 [DEBUG] (20) goxlr_daemon::device: Setting HardTuneWindow to 20
15:09:38 [DEBUG] (20) goxlr_daemon::device: Setting HardTuneRate to 20
15:09:38 [DEBUG] (20) goxlr_daemon::device: Setting HardTuneScale to 5
15:09:38 [DEBUG] (20) goxlr_daemon::device: Setting HardTunePitchAmount to 0
15:09:38 [DEBUG] (20) goxlr_daemon::device: Setting EchoAmount to -36
15:09:38 [DEBUG] (20) goxlr_daemon::device: Setting EchoSource to 1
15:09:38 [DEBUG] (20) goxlr_daemon::device: Setting EchoDivL to 9
15:09:38 [DEBUG] (20) goxlr_daemon::device: Setting EchoDivR to 9
15:09:38 [DEBUG] (20) goxlr_daemon::device: Setting EchoFeedbackL to 50
15:09:38 [DEBUG] (20) goxlr_daemon::device: Setting EchoFeedbackR to 50
15:09:38 [DEBUG] (20) goxlr_daemon::device: Setting EchoXFBLtoR to 0
15:09:38 [DEBUG] (20) goxlr_daemon::device: Setting EchoXFBRtoL to 0
15:09:38 [DEBUG] (20) goxlr_daemon::device: Setting EchoFeedback to 30
15:09:38 [DEBUG] (20) goxlr_daemon::device: Setting EchoFilterStyle to 0
15:09:38 [DEBUG] (20) goxlr_daemon::device: Setting EchoTempo to 149
15:09:38 [DEBUG] (20) goxlr_daemon::device: Setting PitchAmount to 0
15:09:38 [DEBUG] (20) goxlr_daemon::device: Setting PitchCharacter to 100
15:09:38 [DEBUG] (20) goxlr_daemon::device: Setting PitchThreshold to -36
15:09:38 [DEBUG] (20) goxlr_daemon::device: Setting GenderAmount to 0
15:09:38 [DEBUG] (20) goxlr_daemon::device: Setting Encoder1Enabled to 0
15:09:38 [DEBUG] (20) goxlr_daemon::device: Setting Encoder2Enabled to 0
15:09:38 [DEBUG] (20) goxlr_daemon::device: Setting Encoder3Enabled to 0
15:09:38 [DEBUG] (20) goxlr_daemon::device: Setting Encoder4Enabled to 0
15:09:38 [DEBUG] (20) goxlr_daemon::device: Setting MegaphoneEnabled to 0
15:09:38 [DEBUG] (20) goxlr_daemon::device: Setting HardTuneEnabled to 0
15:09:38 [DEBUG] (20) goxlr_daemon::device: Setting RobotEnabled to 0
15:09:38 [DEBUG] (20) goxlr_daemon::device: Setting MicInputMute to 0
15:09:38 [DEBUG] (20) goxlr_daemon::device: Validating Sampler Configuration..
15:09:38 [DEBUG] (20) goxlr_daemon::settings: Saving Settings
15:09:38 [DEBUG] (20) goxlr_daemon::settings: Creating Temporary Save File: "/home/gaz/.config/goxlr-utility/settings.tmp"
15:09:38 [DEBUG] (20) goxlr_daemon::settings: Save Complete and synced, renaming to "/home/gaz/.config/goxlr-utility/settings.json"
15:09:38 [DEBUG] (20) goxlr_daemon::settings: Target exists, removing..
15:09:38 [DEBUG] (20) goxlr_daemon::settings: Renaming "/home/gaz/.config/goxlr-utility/settings.tmp" to "/home/gaz/.config/goxlr-utility/settings.json"
15:09:38 [DEBUG] (20) goxlr_daemon::settings: Settings Saved.
15:09:38 [DEBUG] (20) goxlr_daemon::device: Updating Mic volume from 202 to 199 as a human moved the fader
15:09:38 [DEBUG] (20) goxlr_daemon::device: Updating Music volume from 123 to 122 as a human moved the fader
15:09:38 [DEBUG] (20) goxlr_daemon::device: Updating Chat volume from 124 to 123 as a human moved the fader
15:09:38 [DEBUG] (20) goxlr_daemon::device: Updating System volume from 126 to 124 as a human moved the fader
15:09:38 [DEBUG] (34) goxlr_daemon::servers::http_server: Building Scribble Image for S200600408CQK - A
15:09:38 [DEBUG] (34) goxlr_daemon::servers::http_server: Creating Image 128x64
15:09:38 [DEBUG] (36) goxlr_daemon::servers::http_server: Building Scribble Image for S200600408CQK - B
15:09:38 [DEBUG] (36) goxlr_daemon::servers::http_server: Creating Image 128x64
15:09:38 [DEBUG] (35) goxlr_daemon::servers::http_server: Building Scribble Image for S200600408CQK - C
15:09:38 [DEBUG] (35) goxlr_daemon::servers::http_server: Creating Image 128x64
15:09:38 [DEBUG] (33) goxlr_daemon::servers::http_server: Building Scribble Image for S200600408CQK - D
15:09:38 [DEBUG] (33) goxlr_daemon::servers::http_server: Creating Image 128x64
15:12:20 [DEBUG] (15) goxlr_daemon::profile: Loading Profile From /home/gaz/.local/share/goxlr-utility/profiles/Default.goxlr
15:12:20 [DEBUG] (15) goxlr_profile_loader::profile: Loading Profile Archive..
15:12:20 [DEBUG] (15) goxlr_profile_loader::profile: Attempting to read profile.xml..
15:12:20 [DEBUG] (15) goxlr_profile_loader::profile: Preparing Structure..
15:12:20 [DEBUG] (15) goxlr_profile_loader::profile: MixRoutingTree { mix: {Headphones: A, Broadcast: A, LineOut: A, ChatMic: A, Sampler: A, StreamMix2: A} }
15:12:20 [DEBUG] (15) goxlr_profile_loader::profile: SubMixer { submix_enabled: false, volume_table: {Mic: 191, Chat: 116, Music: 127, Game: 128, Console: 128, LineIn: 128, System: 84, Sample: 254}, monitor_tree: MonitorTree { monitored_output: Headphones, headphone_mix: A, routing: {Mic: 8192, Chat: 8192, Music: 8192, Game: 8192, Console: 8192, LineIn: 8192, System: 8192, Sample: 8192} }, linking_tree: LinkingTree { linked_list: {Mic: true, Chat: true, Music: true, Game: true, Console: true, LineIn: true, System: true, Sample: true}, linked_ratio: {Mic: 1.0, Chat: 1.0, Music: 1.0, Game: 1.0, Console: 1.0, LineIn: 1.0, System: 1.0, Sample: 1.0} } }
15:12:20 [DEBUG] (15) goxlr_daemon::device: Profile Successfully Loaded, Performing Backup..
15:12:20 [DEBUG] (15) goxlr_profile_loader::profile: Creating Temporary Save File: "/home/gaz/.local/share/goxlr-utility/backups/Default.tmp"
15:12:20 [DEBUG] (15) goxlr_profile_loader::profile: Save Complete and synced, renaming to "/home/gaz/.local/share/goxlr-utility/backups/Default.goxlr"
15:12:20 [DEBUG] (15) goxlr_profile_loader::profile: Target profile exists, removing..
15:12:20 [DEBUG] (15) goxlr_profile_loader::profile: Renaming "/home/gaz/.local/share/goxlr-utility/backups/Default.tmp" to "/home/gaz/.local/share/goxlr-utility/backups/Default.goxlr"
15:12:20 [DEBUG] (15) goxlr_daemon::device: Backup Complete
15:12:20 [DEBUG] (15) goxlr_daemon::device: Applying Profile..
15:12:20 [DEBUG] (15) goxlr_daemon::device: Setting Faders..
15:12:20 [DEBUG] (15) goxlr_daemon::device: Setting Fader A to Mic
15:12:20 [DEBUG] (15) goxlr_daemon::device: Setting Fader B to Music
15:12:20 [DEBUG] (15) goxlr_daemon::device: Setting Fader C to Chat
15:12:20 [DEBUG] (15) goxlr_daemon::device: Setting Fader D to System
15:12:20 [DEBUG] (15) goxlr_daemon::device: Setting Mute States..
15:12:20 [DEBUG] (15) goxlr_daemon::device: Applying Microphone Mute State
15:12:20 [DEBUG] (15) goxlr_daemon::device: Setting Mic to Unmuted
15:12:20 [DEBUG] (15) goxlr_daemon::device: Channel System on Fader, Loading State from Profile
15:12:20 [DEBUG] (15) goxlr_daemon::device: Channel D already Unmuted, doing nothing.
15:12:20 [DEBUG] (15) goxlr_daemon::device: Channel Chat on Fader, Loading State from Profile
15:12:20 [DEBUG] (15) goxlr_daemon::device: Channel C already Unmuted, doing nothing.
15:12:20 [DEBUG] (15) goxlr_daemon::device: Channel Music on Fader, Loading State from Profile
15:12:20 [DEBUG] (15) goxlr_daemon::device: Channel B already Unmuted, doing nothing.
15:12:20 [DEBUG] (15) goxlr_daemon::device: Setting Channel Volumes..
15:12:20 [DEBUG] (15) goxlr_daemon::device: Setting volume for LineOut to 122
15:12:20 [DEBUG] (15) goxlr_daemon::device: Setting volume for Mic to 191
15:12:20 [DEBUG] (15) goxlr_daemon::device: Setting volume for LineIn to 128
15:12:20 [DEBUG] (15) goxlr_daemon::device: Setting volume for Console to 128
15:12:20 [DEBUG] (15) goxlr_daemon::device: Setting volume for System to 84
15:12:20 [DEBUG] (15) goxlr_daemon::device: Setting volume for Game to 128
15:12:20 [DEBUG] (15) goxlr_daemon::device: Setting volume for Chat to 116
15:12:20 [DEBUG] (15) goxlr_daemon::device: Setting volume for Sample to 254
15:12:20 [DEBUG] (15) goxlr_daemon::device: Setting volume for Music to 127
15:12:20 [DEBUG] (15) goxlr_daemon::device: Setting volume for MicMonitor to 140
15:12:20 [DEBUG] (15) goxlr_daemon::device: Setting volume for Headphones to 255
15:12:20 [DEBUG] (15) goxlr_daemon::device: Applying Submixing Settings..
15:12:20 [DEBUG] (15) goxlr_daemon::device: Loading Colour Map..
15:12:20 [DEBUG] (15) goxlr_daemon::device: Setting Fader display modes..
15:12:20 [DEBUG] (15) goxlr_daemon::device: Setting display for A
15:12:20 [DEBUG] (15) goxlr_daemon::device: Setting display for B
15:12:20 [DEBUG] (15) goxlr_daemon::device: Setting display for C
15:12:20 [DEBUG] (15) goxlr_daemon::device: Setting display for D
15:12:20 [DEBUG] (15) goxlr_daemon::device: Updating button states..
15:12:20 [DEBUG] (15) goxlr_daemon::device: Applying Routing..
15:12:20 [DEBUG] (15) goxlr_daemon::device: IsStreamNoMusic: false
15:12:20 [DEBUG] (15) goxlr_daemon::device: Applying Routing to Microphone:
15:12:20 [DEBUG] (15) goxlr_daemon::device: IsStreamNoMusic: false
15:12:20 [DEBUG] (15) goxlr_daemon::device: Applying Routing to Chat:
15:12:20 [DEBUG] (15) goxlr_daemon::device: IsStreamNoMusic: false
15:12:20 [DEBUG] (15) goxlr_daemon::device: Applying Routing to Music:
15:12:20 [DEBUG] (15) goxlr_daemon::device: Light HardTune Enabled for Channel: Music
15:12:20 [DEBUG] (15) goxlr_daemon::device: IsStreamNoMusic: false
15:12:20 [DEBUG] (15) goxlr_daemon::device: Applying Routing to Game:
15:12:20 [DEBUG] (15) goxlr_daemon::device: Light HardTune Enabled for Channel: Game
15:12:20 [DEBUG] (15) goxlr_daemon::device: IsStreamNoMusic: false
15:12:20 [DEBUG] (15) goxlr_daemon::device: Applying Routing to Console:
15:12:20 [DEBUG] (15) goxlr_daemon::device: IsStreamNoMusic: false
15:12:20 [DEBUG] (15) goxlr_daemon::device: Applying Routing to LineIn:
15:12:20 [DEBUG] (15) goxlr_daemon::device: Light HardTune Enabled for Channel: LineIn
15:12:20 [DEBUG] (15) goxlr_daemon::device: IsStreamNoMusic: false
15:12:20 [DEBUG] (15) goxlr_daemon::device: Applying Routing to System:
15:12:20 [DEBUG] (15) goxlr_daemon::device: Light HardTune Enabled for Channel: System
15:12:20 [DEBUG] (15) goxlr_daemon::device: IsStreamNoMusic: false
15:12:20 [DEBUG] (15) goxlr_daemon::device: Applying Routing to Samples:
15:12:20 [DEBUG] (15) goxlr_daemon::device: Applying Voice FX
15:12:20 [DEBUG] (15) goxlr_daemon::device: Setting ReverbAmount to -36
15:12:20 [DEBUG] (15) goxlr_daemon::device: Setting ReverbType to 5
15:12:20 [DEBUG] (15) goxlr_daemon::device: Setting ReverbDecay to 96
15:12:20 [DEBUG] (15) goxlr_daemon::device: Setting ReverbPredelay to 0
15:12:20 [DEBUG] (15) goxlr_daemon::device: Setting ReverbDiffuse to -50
15:12:20 [DEBUG] (15) goxlr_daemon::device: Setting ReverbLowColor to 0
15:12:20 [DEBUG] (15) goxlr_daemon::device: Setting ReverbHighColor to -50
15:12:20 [DEBUG] (15) goxlr_daemon::device: Setting ReverbHighFactor to -25
15:12:20 [DEBUG] (15) goxlr_daemon::device: Setting ReverbModSpeed to -25
15:12:20 [DEBUG] (15) goxlr_daemon::device: Setting ReverbModDepth to -25
15:12:20 [DEBUG] (15) goxlr_daemon::device: Setting ReverbEarlyLevel to -25
15:12:20 [DEBUG] (15) goxlr_daemon::device: Setting ReverbTailLevel to 0
15:12:20 [DEBUG] (15) goxlr_daemon::device: Setting MegaphoneStyle to 1
15:12:20 [DEBUG] (15) goxlr_daemon::device: Setting MegaphoneAmount to 100
15:12:20 [DEBUG] (15) goxlr_daemon::device: Setting MegaphoneHP to 110
15:12:20 [DEBUG] (15) goxlr_daemon::device: Setting MegaphoneLP to 190
15:12:20 [DEBUG] (15) goxlr_daemon::device: Setting MegaphonePreGain to 0
15:12:20 [DEBUG] (15) goxlr_daemon::device: Setting MegaphonePostGain to 2
15:12:20 [DEBUG] (15) goxlr_daemon::device: Setting MegaphoneDistType to 4
15:12:20 [DEBUG] (15) goxlr_daemon::device: Setting MegaphonePresenceGain to 7
15:12:20 [DEBUG] (15) goxlr_daemon::device: Setting MegaphonePresenceFC to 160
15:12:20 [DEBUG] (15) goxlr_daemon::device: Setting MegaphonePresenceBW to 5
15:12:20 [DEBUG] (15) goxlr_daemon::device: Setting MegaphoneBeatboxEnable to 0
15:12:20 [DEBUG] (15) goxlr_daemon::device: Setting MegaphoneFilterControl to 1
15:12:20 [DEBUG] (15) goxlr_daemon::device: Setting MegaphoneFilter to 59
15:12:20 [DEBUG] (15) goxlr_daemon::device: Setting MegaphoneDrivePotGainCompMid to 0
15:12:20 [DEBUG] (15) goxlr_daemon::device: Setting MegaphoneDrivePotGainCompMax to 5
15:12:20 [DEBUG] (15) goxlr_daemon::device: Setting RobotPulseWidth to 50
15:12:20 [DEBUG] (15) goxlr_daemon::device: Setting RobotWaveform to 1
15:12:20 [DEBUG] (15) goxlr_daemon::device: Setting RobotThreshold to -36
15:12:20 [DEBUG] (15) goxlr_daemon::device: Setting RobotDryMix to -6
15:12:20 [DEBUG] (15) goxlr_daemon::device: Setting RobotLowFreq to 88
15:12:20 [DEBUG] (15) goxlr_daemon::device: Setting RobotLowGain to -10
15:12:20 [DEBUG] (15) goxlr_daemon::device: Setting RobotLowWidth to 0
15:12:20 [DEBUG] (15) goxlr_daemon::device: Setting RobotMidFreq to 173
15:12:20 [DEBUG] (15) goxlr_daemon::device: Setting RobotMidGain to 5
15:12:20 [DEBUG] (15) goxlr_daemon::device: Setting RobotMidWidth to 32
15:12:20 [DEBUG] (15) goxlr_daemon::device: Setting RobotHiFreq to 182
15:12:20 [DEBUG] (15) goxlr_daemon::device: Setting RobotHiGain to 0
15:12:20 [DEBUG] (15) goxlr_daemon::device: Setting RobotHiWidth to 0
15:12:20 [DEBUG] (15) goxlr_daemon::device: Setting RobotStyle to 1
15:12:20 [DEBUG] (15) goxlr_daemon::device: Setting HardTuneKeySource to 0
15:12:20 [DEBUG] (15) goxlr_daemon::device: Setting HardTuneAmount to 53
15:12:20 [DEBUG] (15) goxlr_daemon::device: Setting HardTuneWindow to 20
15:12:20 [DEBUG] (15) goxlr_daemon::device: Setting HardTuneRate to 99
15:12:20 [DEBUG] (15) goxlr_daemon::device: Setting HardTuneScale to 5
15:12:20 [DEBUG] (15) goxlr_daemon::device: Setting HardTunePitchAmount to 0
15:12:20 [DEBUG] (15) goxlr_daemon::device: Setting EchoAmount to -36
15:12:20 [DEBUG] (15) goxlr_daemon::device: Setting EchoSource to 1
15:12:20 [DEBUG] (15) goxlr_daemon::device: Setting EchoDivL to 10
15:12:20 [DEBUG] (15) goxlr_daemon::device: Setting EchoDivR to 13
15:12:20 [DEBUG] (15) goxlr_daemon::device: Setting EchoFeedbackL to 50
15:12:20 [DEBUG] (15) goxlr_daemon::device: Setting EchoFeedbackR to 0
15:12:20 [DEBUG] (15) goxlr_daemon::device: Setting EchoXFBLtoR to 100
15:12:20 [DEBUG] (15) goxlr_daemon::device: Setting EchoXFBRtoL to 0
15:12:20 [DEBUG] (15) goxlr_daemon::device: Setting EchoFeedback to 55
15:12:20 [DEBUG] (15) goxlr_daemon::device: Setting EchoFilterStyle to 0
15:12:20 [DEBUG] (15) goxlr_daemon::device: Setting EchoTempo to 120
15:12:20 [DEBUG] (15) goxlr_daemon::device: Setting PitchAmount to 0
15:12:20 [DEBUG] (15) goxlr_daemon::device: Setting PitchCharacter to 100
15:12:20 [DEBUG] (15) goxlr_daemon::device: Setting PitchThreshold to -26
15:12:20 [DEBUG] (15) goxlr_daemon::device: Setting GenderAmount to 0
15:12:20 [DEBUG] (15) goxlr_daemon::device: Setting Encoder1Enabled to 0
15:12:20 [DEBUG] (15) goxlr_daemon::device: Setting Encoder2Enabled to 0
15:12:20 [DEBUG] (15) goxlr_daemon::device: Setting Encoder3Enabled to 0
15:12:20 [DEBUG] (15) goxlr_daemon::device: Setting Encoder4Enabled to 0
15:12:20 [DEBUG] (15) goxlr_daemon::device: Setting MegaphoneEnabled to 0
15:12:20 [DEBUG] (15) goxlr_daemon::device: Setting HardTuneEnabled to 0
15:12:20 [DEBUG] (15) goxlr_daemon::device: Setting RobotEnabled to 0
15:12:20 [DEBUG] (15) goxlr_daemon::device: Setting MicInputMute to 0
15:12:21 [DEBUG] (15) goxlr_daemon::device: Validating Sampler Configuration..
15:12:21 [DEBUG] (15) goxlr_daemon::settings: Saving Settings
15:12:21 [DEBUG] (15) goxlr_daemon::settings: Creating Temporary Save File: "/home/gaz/.config/goxlr-utility/settings.tmp"
15:12:21 [DEBUG] (15) goxlr_daemon::settings: Save Complete and synced, renaming to "/home/gaz/.config/goxlr-utility/settings.json"
15:12:21 [DEBUG] (15) goxlr_daemon::settings: Target exists, removing..
15:12:21 [DEBUG] (15) goxlr_daemon::settings: Renaming "/home/gaz/.config/goxlr-utility/settings.tmp" to "/home/gaz/.config/goxlr-utility/settings.json"
15:12:21 [DEBUG] (15) goxlr_daemon::settings: Settings Saved.
15:12:21 [DEBUG] (15) goxlr_daemon::device: Updating Mic volume from 191 to 188 as a human moved the fader
15:12:21 [DEBUG] (15) goxlr_daemon::device: Updating Music volume from 127 to 126 as a human moved the fader
15:12:21 [DEBUG] (15) goxlr_daemon::device: Updating Chat volume from 116 to 113 as a human moved the fader
15:12:21 [DEBUG] (15) goxlr_daemon::device: Updating System volume from 84 to 81 as a human moved the fader
15:12:21 [DEBUG] (37) goxlr_daemon::servers::http_server: Building Scribble Image for S200600408CQK - A
15:12:21 [DEBUG] (37) goxlr_daemon::servers::http_server: Creating Image 128x64
15:12:21 [DEBUG] (40) goxlr_daemon::servers::http_server: Building Scribble Image for S200600408CQK - D
15:12:21 [DEBUG] (40) goxlr_daemon::servers::http_server: Creating Image 128x64
15:12:21 [DEBUG] (39) goxlr_daemon::servers::http_server: Building Scribble Image for S200600408CQK - C
15:12:21 [DEBUG] (39) goxlr_daemon::servers::http_server: Creating Image 128x64
15:12:21 [DEBUG] (38) goxlr_daemon::servers::http_server: Building Scribble Image for S200600408CQK - B
15:12:21 [DEBUG] (38) goxlr_daemon::servers::http_server: Creating Image 128x64
15:13:21 [DEBUG] (2) goxlr_daemon::device: Handling Button Down: SamplerSelectA
15:13:21 [DEBUG] (2) goxlr_daemon::device: Handling Button Release: SamplerSelectA, Has Long Press Handled: false
15:13:21 [DEBUG] (2) goxlr_daemon::tts: Received TTS Message: Sample A
15:13:22 [DEBUG] (14) goxlr_daemon::device: Handling Button Down: SamplerSelectB
15:13:22 [DEBUG] (14) goxlr_daemon::device: Handling Button Release: SamplerSelectB, Has Long Press Handled: false
15:13:22 [DEBUG] (14) goxlr_daemon::tts: Received TTS Message: Sample B
15:13:22 [DEBUG] (2) goxlr_daemon::device: Handling Button Down: SamplerSelectA
15:13:23 [DEBUG] (2) goxlr_daemon::device: Handling Button Release: SamplerSelectA, Has Long Press Handled: false
15:13:23 [DEBUG] (2) goxlr_daemon::tts: Received TTS Message: Sample A
15:13:23 [DEBUG] (2) goxlr_daemon::device: Handling Button Down: SamplerSelectB
15:13:23 [DEBUG] (2) goxlr_daemon::device: Handling Button Release: SamplerSelectB, Has Long Press Handled: false
15:13:23 [DEBUG] (2) goxlr_daemon::tts: Received TTS Message: Sample B
15:13:23 [DEBUG] (2) goxlr_daemon::device: Handling Button Down: SamplerSelectA
15:13:24 [DEBUG] (20) goxlr_daemon::device: Handling Button Release: SamplerSelectA, Has Long Press Handled: false
15:13:24 [DEBUG] (20) goxlr_daemon::tts: Received TTS Message: Sample A
15:13:24 [DEBUG] (20) goxlr_daemon::device: Handling Button Down: SamplerSelectB
15:13:24 [DEBUG] (20) goxlr_daemon::device: Handling Button Release: SamplerSelectB, Has Long Press Handled: false
15:13:24 [DEBUG] (20) goxlr_daemon::tts: Received TTS Message: Sample B
15:13:24 [DEBUG] (20) goxlr_daemon::device: Handling Button Down: SamplerSelectA
15:13:24 [DEBUG] (20) goxlr_daemon::device: Handling Button Release: SamplerSelectA, Has Long Press Handled: false
15:13:24 [DEBUG] (20) goxlr_daemon::tts: Received TTS Message: Sample A
15:13:25 [DEBUG] (20) goxlr_daemon::device: Handling Button Down: SamplerSelectB
15:13:25 [DEBUG] (14) goxlr_daemon::device: Handling Button Release: SamplerSelectB, Has Long Press Handled: false
15:13:25 [DEBUG] (14) goxlr_daemon::tts: Received TTS Message: Sample B
15:13:33 [DEBUG] (2) goxlr_daemon::profile: Loading Profile From /home/gaz/.local/share/goxlr-utility/profiles/Default.goxlr
15:13:33 [DEBUG] (2) goxlr_profile_loader::profile: Loading Profile Archive..
15:13:33 [DEBUG] (2) goxlr_profile_loader::profile: Attempting to read profile.xml..
15:13:33 [DEBUG] (2) goxlr_profile_loader::profile: Preparing Structure..
15:13:33 [DEBUG] (2) goxlr_profile_loader::profile: MixRoutingTree { mix: {Headphones: A, Broadcast: A, LineOut: A, ChatMic: A, Sampler: A, StreamMix2: A} }
15:13:33 [DEBUG] (2) goxlr_profile_loader::profile: SubMixer { submix_enabled: false, volume_table: {Mic: 191, Chat: 116, Music: 127, Game: 128, Console: 128, LineIn: 128, System: 84, Sample: 254}, monitor_tree: MonitorTree { monitored_output: Headphones, headphone_mix: A, routing: {Mic: 8192, Chat: 8192, Music: 8192, Game: 8192, Console: 8192, LineIn: 8192, System: 8192, Sample: 8192} }, linking_tree: LinkingTree { linked_list: {Mic: true, Chat: true, Music: true, Game: true, Console: true, LineIn: true, System: true, Sample: true}, linked_ratio: {Mic: 1.0, Chat: 1.0, Music: 1.0, Game: 1.0, Console: 1.0, LineIn: 1.0, System: 1.0, Sample: 1.0} } }
15:13:33 [DEBUG] (2) goxlr_daemon::device: Profile Successfully Loaded, Performing Backup..
15:13:33 [DEBUG] (2) goxlr_profile_loader::profile: Creating Temporary Save File: "/home/gaz/.local/share/goxlr-utility/backups/Default.tmp"
15:13:33 [DEBUG] (2) goxlr_profile_loader::profile: Save Complete and synced, renaming to "/home/gaz/.local/share/goxlr-utility/backups/Default.goxlr"
15:13:33 [DEBUG] (2) goxlr_profile_loader::profile: Target profile exists, removing..
15:13:33 [DEBUG] (2) goxlr_profile_loader::profile: Renaming "/home/gaz/.local/share/goxlr-utility/backups/Default.tmp" to "/home/gaz/.local/share/goxlr-utility/backups/Default.goxlr"
15:13:33 [DEBUG] (2) goxlr_daemon::device: Backup Complete
15:13:33 [DEBUG] (2) goxlr_daemon::device: Applying Profile..
15:13:33 [DEBUG] (2) goxlr_daemon::device: Setting Faders..
15:13:33 [DEBUG] (2) goxlr_daemon::device: Setting Fader A to Mic
15:13:33 [DEBUG] (2) goxlr_daemon::device: Setting Fader B to Music
15:13:33 [DEBUG] (2) goxlr_daemon::device: Setting Fader C to Chat
15:13:33 [DEBUG] (2) goxlr_daemon::device: Setting Fader D to System
15:13:33 [DEBUG] (2) goxlr_daemon::device: Setting Mute States..
15:13:33 [DEBUG] (2) goxlr_daemon::device: Applying Microphone Mute State
15:13:33 [DEBUG] (2) goxlr_daemon::device: Setting Mic to Unmuted
15:13:33 [DEBUG] (2) goxlr_daemon::device: Channel System on Fader, Loading State from Profile
15:13:33 [DEBUG] (2) goxlr_daemon::device: Channel D already Unmuted, doing nothing.
15:13:33 [DEBUG] (2) goxlr_daemon::device: Channel Chat on Fader, Loading State from Profile
15:13:33 [DEBUG] (2) goxlr_daemon::device: Channel C already Unmuted, doing nothing.
15:13:33 [DEBUG] (2) goxlr_daemon::device: Channel Music on Fader, Loading State from Profile
15:13:33 [DEBUG] (2) goxlr_daemon::device: Channel B already Unmuted, doing nothing.
15:13:33 [DEBUG] (2) goxlr_daemon::device: Setting Channel Volumes..
15:13:33 [DEBUG] (2) goxlr_daemon::device: Setting volume for Mic to 191
15:13:33 [DEBUG] (2) goxlr_daemon::device: Setting volume for LineIn to 128
15:13:33 [DEBUG] (2) goxlr_daemon::device: Setting volume for Console to 128
15:13:33 [DEBUG] (2) goxlr_daemon::device: Setting volume for System to 84
15:13:33 [DEBUG] (2) goxlr_daemon::device: Setting volume for Game to 128
15:13:33 [DEBUG] (2) goxlr_daemon::device: Setting volume for Chat to 116
15:13:33 [DEBUG] (2) goxlr_daemon::device: Setting volume for Sample to 254
15:13:34 [DEBUG] (2) goxlr_daemon::device: Setting volume for Music to 127
15:13:34 [DEBUG] (2) goxlr_daemon::device: Setting volume for MicMonitor to 140
15:13:34 [DEBUG] (2) goxlr_daemon::device: Setting volume for Headphones to 255
15:13:34 [DEBUG] (2) goxlr_daemon::device: Setting volume for LineOut to 122
15:13:34 [DEBUG] (2) goxlr_daemon::device: Applying Submixing Settings..
15:13:34 [DEBUG] (2) goxlr_daemon::device: Loading Colour Map..
15:13:34 [DEBUG] (2) goxlr_daemon::device: Setting Fader display modes..
15:13:34 [DEBUG] (2) goxlr_daemon::device: Setting display for A
15:13:34 [DEBUG] (2) goxlr_daemon::device: Setting display for B
15:13:34 [DEBUG] (2) goxlr_daemon::device: Setting display for C
15:13:34 [DEBUG] (2) goxlr_daemon::device: Setting display for D
15:13:34 [DEBUG] (2) goxlr_daemon::device: Updating button states..
15:13:34 [DEBUG] (2) goxlr_daemon::device: Applying Routing..
15:13:34 [DEBUG] (2) goxlr_daemon::device: IsStreamNoMusic: false
15:13:34 [DEBUG] (2) goxlr_daemon::device: Applying Routing to Microphone:
15:13:34 [DEBUG] (2) goxlr_daemon::device: IsStreamNoMusic: false
15:13:34 [DEBUG] (2) goxlr_daemon::device: Applying Routing to Chat:
15:13:34 [DEBUG] (2) goxlr_daemon::device: IsStreamNoMusic: false
15:13:34 [DEBUG] (2) goxlr_daemon::device: Applying Routing to Music:
15:13:34 [DEBUG] (2) goxlr_daemon::device: Light HardTune Enabled for Channel: Music
15:13:34 [DEBUG] (2) goxlr_daemon::device: IsStreamNoMusic: false
15:13:34 [DEBUG] (2) goxlr_daemon::device: Applying Routing to Game:
15:13:34 [DEBUG] (2) goxlr_daemon::device: Light HardTune Enabled for Channel: Game
15:13:34 [DEBUG] (2) goxlr_daemon::device: IsStreamNoMusic: false
15:13:34 [DEBUG] (2) goxlr_daemon::device: Applying Routing to Console:
15:13:34 [DEBUG] (2) goxlr_daemon::device: IsStreamNoMusic: false
15:13:34 [DEBUG] (2) goxlr_daemon::device: Applying Routing to LineIn:
15:13:34 [DEBUG] (2) goxlr_daemon::device: Light HardTune Enabled for Channel: LineIn
15:13:34 [DEBUG] (2) goxlr_daemon::device: IsStreamNoMusic: false
15:13:34 [DEBUG] (2) goxlr_daemon::device: Applying Routing to System:
15:13:34 [DEBUG] (2) goxlr_daemon::device: Light HardTune Enabled for Channel: System
15:13:34 [DEBUG] (2) goxlr_daemon::device: IsStreamNoMusic: false
15:13:34 [DEBUG] (2) goxlr_daemon::device: Applying Routing to Samples:
15:13:34 [DEBUG] (2) goxlr_daemon::device: Applying Voice FX
15:13:34 [DEBUG] (2) goxlr_daemon::device: Setting ReverbAmount to -36
15:13:34 [DEBUG] (2) goxlr_daemon::device: Setting ReverbType to 5
15:13:34 [DEBUG] (2) goxlr_daemon::device: Setting ReverbDecay to 96
15:13:34 [DEBUG] (2) goxlr_daemon::device: Setting ReverbPredelay to 0
15:13:34 [DEBUG] (2) goxlr_daemon::device: Setting ReverbDiffuse to -50
15:13:34 [DEBUG] (2) goxlr_daemon::device: Setting ReverbLowColor to 0
15:13:34 [DEBUG] (2) goxlr_daemon::device: Setting ReverbHighColor to -50
15:13:34 [DEBUG] (2) goxlr_daemon::device: Setting ReverbHighFactor to -25
15:13:34 [DEBUG] (2) goxlr_daemon::device: Setting ReverbModSpeed to -25
15:13:34 [DEBUG] (2) goxlr_daemon::device: Setting ReverbModDepth to -25
15:13:34 [DEBUG] (2) goxlr_daemon::device: Setting ReverbEarlyLevel to -25
15:13:34 [DEBUG] (2) goxlr_daemon::device: Setting ReverbTailLevel to 0
15:13:34 [DEBUG] (2) goxlr_daemon::device: Setting MegaphoneStyle to 1
15:13:34 [DEBUG] (2) goxlr_daemon::device: Setting MegaphoneAmount to 100
15:13:34 [DEBUG] (2) goxlr_daemon::device: Setting MegaphoneHP to 110
15:13:34 [DEBUG] (2) goxlr_daemon::device: Setting MegaphoneLP to 190
15:13:34 [DEBUG] (2) goxlr_daemon::device: Setting MegaphonePreGain to 0
15:13:34 [DEBUG] (2) goxlr_daemon::device: Setting MegaphonePostGain to 2
15:13:34 [DEBUG] (2) goxlr_daemon::device: Setting MegaphoneDistType to 4
15:13:34 [DEBUG] (2) goxlr_daemon::device: Setting MegaphonePresenceGain to 7
15:13:34 [DEBUG] (2) goxlr_daemon::device: Setting MegaphonePresenceFC to 160
15:13:34 [DEBUG] (2) goxlr_daemon::device: Setting MegaphonePresenceBW to 5
15:13:34 [DEBUG] (2) goxlr_daemon::device: Setting MegaphoneBeatboxEnable to 0
15:13:34 [DEBUG] (2) goxlr_daemon::device: Setting MegaphoneFilterControl to 1
15:13:34 [DEBUG] (2) goxlr_daemon::device: Setting MegaphoneFilter to 59
15:13:34 [DEBUG] (2) goxlr_daemon::device: Setting MegaphoneDrivePotGainCompMid to 0
15:13:34 [DEBUG] (2) goxlr_daemon::device: Setting MegaphoneDrivePotGainCompMax to 5
15:13:34 [DEBUG] (2) goxlr_daemon::device: Setting RobotPulseWidth to 50
15:13:34 [DEBUG] (2) goxlr_daemon::device: Setting RobotWaveform to 1
15:13:34 [DEBUG] (2) goxlr_daemon::device: Setting RobotThreshold to -36
15:13:34 [DEBUG] (2) goxlr_daemon::device: Setting RobotDryMix to -6
15:13:34 [DEBUG] (2) goxlr_daemon::device: Setting RobotLowFreq to 88
15:13:34 [DEBUG] (2) goxlr_daemon::device: Setting RobotLowGain to -10
15:13:34 [DEBUG] (2) goxlr_daemon::device: Setting RobotLowWidth to 0
15:13:34 [DEBUG] (2) goxlr_daemon::device: Setting RobotMidFreq to 173
15:13:34 [DEBUG] (2) goxlr_daemon::device: Setting RobotMidGain to 5
15:13:34 [DEBUG] (2) goxlr_daemon::device: Setting RobotMidWidth to 32
15:13:34 [DEBUG] (2) goxlr_daemon::device: Setting RobotHiFreq to 182
15:13:34 [DEBUG] (2) goxlr_daemon::device: Setting RobotHiGain to 0
15:13:34 [DEBUG] (2) goxlr_daemon::device: Setting RobotHiWidth to 0
15:13:34 [DEBUG] (2) goxlr_daemon::device: Setting RobotStyle to 1
15:13:34 [DEBUG] (2) goxlr_daemon::device: Setting HardTuneKeySource to 0
15:13:34 [DEBUG] (2) goxlr_daemon::device: Setting HardTuneAmount to 53
15:13:34 [DEBUG] (2) goxlr_daemon::device: Setting HardTuneWindow to 20
15:13:34 [DEBUG] (2) goxlr_daemon::device: Setting HardTuneRate to 99
15:13:34 [DEBUG] (2) goxlr_daemon::device: Setting HardTuneScale to 5
15:13:34 [DEBUG] (2) goxlr_daemon::device: Setting HardTunePitchAmount to 0
15:13:34 [DEBUG] (2) goxlr_daemon::device: Setting EchoAmount to -36
15:13:34 [DEBUG] (2) goxlr_daemon::device: Setting EchoSource to 1
15:13:34 [DEBUG] (2) goxlr_daemon::device: Setting EchoDivL to 10
15:13:34 [DEBUG] (2) goxlr_daemon::device: Setting EchoDivR to 13
15:13:34 [DEBUG] (2) goxlr_daemon::device: Setting EchoFeedbackL to 50
15:13:34 [DEBUG] (2) goxlr_daemon::device: Setting EchoFeedbackR to 0
15:13:34 [DEBUG] (2) goxlr_daemon::device: Setting EchoXFBLtoR to 100
15:13:34 [DEBUG] (2) goxlr_daemon::device: Setting EchoXFBRtoL to 0
15:13:34 [DEBUG] (2) goxlr_daemon::device: Setting EchoFeedback to 55
15:13:34 [DEBUG] (2) goxlr_daemon::device: Setting EchoFilterStyle to 0
15:13:34 [DEBUG] (2) goxlr_daemon::device: Setting EchoTempo to 120
15:13:34 [DEBUG] (2) goxlr_daemon::device: Setting PitchAmount to 0
15:13:34 [DEBUG] (2) goxlr_daemon::device: Setting PitchCharacter to 100
15:13:34 [DEBUG] (2) goxlr_daemon::device: Setting PitchThreshold to -26
15:13:34 [DEBUG] (2) goxlr_daemon::device: Setting GenderAmount to 0
15:13:34 [DEBUG] (2) goxlr_daemon::device: Setting Encoder1Enabled to 0
15:13:34 [DEBUG] (2) goxlr_daemon::device: Setting Encoder2Enabled to 0
15:13:34 [DEBUG] (2) goxlr_daemon::device: Setting Encoder3Enabled to 0
15:13:34 [DEBUG] (2) goxlr_daemon::device: Setting Encoder4Enabled to 0
15:13:34 [DEBUG] (2) goxlr_daemon::device: Setting MegaphoneEnabled to 0
15:13:34 [DEBUG] (2) goxlr_daemon::device: Setting HardTuneEnabled to 0
15:13:34 [DEBUG] (2) goxlr_daemon::device: Setting RobotEnabled to 0
15:13:34 [DEBUG] (2) goxlr_daemon::device: Setting MicInputMute to 0
15:13:34 [DEBUG] (2) goxlr_daemon::device: Validating Sampler Configuration..
15:13:34 [DEBUG] (2) goxlr_daemon::settings: Saving Settings
15:13:34 [DEBUG] (2) goxlr_daemon::settings: Creating Temporary Save File: "/home/gaz/.config/goxlr-utility/settings.tmp"
15:13:34 [DEBUG] (2) goxlr_daemon::settings: Save Complete and synced, renaming to "/home/gaz/.config/goxlr-utility/settings.json"
15:13:34 [DEBUG] (2) goxlr_daemon::settings: Target exists, removing..
15:13:34 [DEBUG] (2) goxlr_daemon::settings: Renaming "/home/gaz/.config/goxlr-utility/settings.tmp" to "/home/gaz/.config/goxlr-utility/settings.json"
15:13:34 [DEBUG] (2) goxlr_daemon::settings: Settings Saved.
15:13:34 [DEBUG] (2) goxlr_daemon::device: Updating Mic volume from 191 to 188 as a human moved the fader
15:13:34 [DEBUG] (2) goxlr_daemon::device: Updating Chat volume from 116 to 113 as a human moved the fader
15:13:34 [DEBUG] (2) goxlr_daemon::device: Updating System volume from 84 to 81 as a human moved the fader
15:13:36 [DEBUG] (20) goxlr_daemon::profile: Loading Profile From /home/gaz/.local/share/goxlr-utility/profiles/Default - Red.goxlr
15:13:36 [DEBUG] (20) goxlr_profile_loader::profile: Loading Profile Archive..
15:13:36 [DEBUG] (20) goxlr_profile_loader::profile: Attempting to read profile.xml..
15:13:36 [DEBUG] (20) goxlr_profile_loader::profile: Preparing Structure..
15:13:36 [DEBUG] (20) goxlr_profile_loader::profile: MixRoutingTree { mix: {Headphones: A, Broadcast: A, LineOut: A, ChatMic: A, Sampler: A, StreamMix2: A} }
15:13:36 [DEBUG] (20) goxlr_profile_loader::profile: SubMixer { submix_enabled: false, volume_table: {Mic: 0, Chat: 0, Music: 0, Game: 0, Console: 0, LineIn: 0, System: 0, Sample: 0}, monitor_tree: MonitorTree { monitored_output: Headphones, headphone_mix: A, routing: {Mic: 8192, Chat: 8192, Music: 8192, Game: 8192, Console: 8192, LineIn: 8192, System: 8192, Sample: 8192} }, linking_tree: LinkingTree { linked_list: {Mic: true, Chat: true, Music: true, Game: true, Console: true, LineIn: true, System: true, Sample: true}, linked_ratio: {Mic: 1.0, Chat: 1.0, Music: 1.0, Game: 1.0, Console: 1.0, LineIn: 1.0, System: 1.0, Sample: 1.0} } }
15:13:36 [DEBUG] (20) goxlr_daemon::device: Profile Successfully Loaded, Performing Backup..
15:13:36 [DEBUG] (20) goxlr_profile_loader::profile: Creating Temporary Save File: "/home/gaz/.local/share/goxlr-utility/backups/Default - Red.tmp"
15:13:36 [DEBUG] (20) goxlr_profile_loader::profile: Save Complete and synced, renaming to "/home/gaz/.local/share/goxlr-utility/backups/Default - Red.goxlr"
15:13:36 [DEBUG] (20) goxlr_profile_loader::profile: Renaming "/home/gaz/.local/share/goxlr-utility/backups/Default - Red.tmp" to "/home/gaz/.local/share/goxlr-utility/backups/Default - Red.goxlr"
15:13:36 [DEBUG] (20) goxlr_daemon::device: Backup Complete
15:13:36 [DEBUG] (20) goxlr_daemon::device: Applying Profile..
15:13:36 [DEBUG] (20) goxlr_daemon::device: Setting Faders..
15:13:36 [DEBUG] (20) goxlr_daemon::device: Setting Fader A to Mic
15:13:36 [DEBUG] (20) goxlr_daemon::device: Setting Fader B to Music
15:13:36 [DEBUG] (20) goxlr_daemon::device: Setting Fader C to Chat
15:13:36 [DEBUG] (20) goxlr_daemon::device: Setting Fader D to System
15:13:36 [DEBUG] (20) goxlr_daemon::device: Setting Mute States..
15:13:36 [DEBUG] (20) goxlr_daemon::device: Applying Microphone Mute State
15:13:36 [DEBUG] (20) goxlr_daemon::device: Setting Mic to Unmuted
15:13:36 [DEBUG] (20) goxlr_daemon::device: Channel System on Fader, Loading State from Profile
15:13:36 [DEBUG] (20) goxlr_daemon::device: Channel D already Unmuted, doing nothing.
15:13:36 [DEBUG] (20) goxlr_daemon::device: Channel Chat on Fader, Loading State from Profile
15:13:36 [DEBUG] (20) goxlr_daemon::device: Channel C already Unmuted, doing nothing.
15:13:36 [DEBUG] (20) goxlr_daemon::device: Channel Music on Fader, Loading State from Profile
15:13:36 [DEBUG] (20) goxlr_daemon::device: Channel B already Unmuted, doing nothing.
15:13:36 [DEBUG] (20) goxlr_daemon::device: Setting Channel Volumes..
15:13:36 [DEBUG] (20) goxlr_daemon::device: Setting volume for Mic to 255
15:13:36 [DEBUG] (20) goxlr_daemon::device: Setting volume for LineIn to 128
15:13:36 [DEBUG] (20) goxlr_daemon::device: Setting volume for Console to 128
15:13:36 [DEBUG] (20) goxlr_daemon::device: Setting volume for System to 188
15:13:36 [DEBUG] (20) goxlr_daemon::device: Setting volume for Game to 128
15:13:36 [DEBUG] (20) goxlr_daemon::device: Setting volume for Chat to 190
15:13:36 [DEBUG] (20) goxlr_daemon::device: Setting volume for Sample to 207
15:13:36 [DEBUG] (20) goxlr_daemon::device: Setting volume for Music to 192
15:13:36 [DEBUG] (20) goxlr_daemon::device: Setting volume for MicMonitor to 255
15:13:36 [DEBUG] (20) goxlr_daemon::device: Setting volume for Headphones to 255
15:13:36 [DEBUG] (20) goxlr_daemon::device: Setting volume for LineOut to 255
15:13:36 [DEBUG] (20) goxlr_usb::device::libusb::device: Response not arrived yet for SetChannelVolume(LineOut), sleeping and retrying (Attempt 1 of 20)
15:13:36 [DEBUG] (20) goxlr_daemon::device: Applying Submixing Settings..
15:13:36 [DEBUG] (20) goxlr_daemon::device: Loading Colour Map..
15:13:36 [DEBUG] (20) goxlr_daemon::device: Setting Fader display modes..
15:13:36 [DEBUG] (20) goxlr_daemon::device: Setting display for A
15:13:36 [DEBUG] (20) goxlr_daemon::device: Setting display for B
15:13:36 [DEBUG] (20) goxlr_daemon::device: Setting display for C
15:13:36 [DEBUG] (20) goxlr_daemon::device: Setting display for D
15:13:36 [DEBUG] (20) goxlr_daemon::device: Updating button states..
15:13:36 [DEBUG] (20) goxlr_daemon::device: Applying Routing..
15:13:36 [DEBUG] (20) goxlr_daemon::device: IsStreamNoMusic: false
15:13:36 [DEBUG] (20) goxlr_daemon::device: Applying Routing to Microphone:
15:13:36 [DEBUG] (20) goxlr_daemon::device: IsStreamNoMusic: false
15:13:36 [DEBUG] (20) goxlr_daemon::device: Applying Routing to Chat:
15:13:36 [DEBUG] (20) goxlr_daemon::device: IsStreamNoMusic: false
15:13:36 [DEBUG] (20) goxlr_daemon::device: Applying Routing to Music:
15:13:36 [DEBUG] (20) goxlr_daemon::device: Light HardTune Enabled for Channel: Music
15:13:36 [DEBUG] (20) goxlr_daemon::device: IsStreamNoMusic: false
15:13:36 [DEBUG] (20) goxlr_daemon::device: Applying Routing to Game:
15:13:36 [DEBUG] (20) goxlr_daemon::device: Light HardTune Enabled for Channel: Game
15:13:36 [DEBUG] (20) goxlr_daemon::device: IsStreamNoMusic: false
15:13:36 [DEBUG] (20) goxlr_daemon::device: Applying Routing to Console:
15:13:36 [DEBUG] (20) goxlr_daemon::device: IsStreamNoMusic: false
15:13:36 [DEBUG] (20) goxlr_daemon::device: Applying Routing to LineIn:
15:13:36 [DEBUG] (20) goxlr_daemon::device: Light HardTune Enabled for Channel: LineIn
15:13:36 [DEBUG] (20) goxlr_daemon::device: IsStreamNoMusic: false
15:13:36 [DEBUG] (20) goxlr_daemon::device: Applying Routing to System:
15:13:36 [DEBUG] (20) goxlr_daemon::device: Light HardTune Enabled for Channel: System
15:13:36 [DEBUG] (20) goxlr_daemon::device: IsStreamNoMusic: false
15:13:36 [DEBUG] (20) goxlr_daemon::device: Applying Routing to Samples:
15:13:36 [DEBUG] (20) goxlr_daemon::device: Applying Voice FX
15:13:36 [DEBUG] (20) goxlr_daemon::device: Setting ReverbAmount to -36
15:13:36 [DEBUG] (20) goxlr_daemon::device: Setting ReverbType to 5
15:13:36 [DEBUG] (20) goxlr_daemon::device: Setting ReverbDecay to 96
15:13:36 [DEBUG] (20) goxlr_daemon::device: Setting ReverbPredelay to 0
15:13:36 [DEBUG] (20) goxlr_daemon::device: Setting ReverbDiffuse to -50
15:13:36 [DEBUG] (20) goxlr_daemon::device: Setting ReverbLowColor to 0
15:13:36 [DEBUG] (20) goxlr_daemon::device: Setting ReverbHighColor to -50
15:13:36 [DEBUG] (20) goxlr_daemon::device: Setting ReverbHighFactor to -25
15:13:36 [DEBUG] (20) goxlr_daemon::device: Setting ReverbModSpeed to -25
15:13:36 [DEBUG] (20) goxlr_daemon::device: Setting ReverbModDepth to -25
15:13:36 [DEBUG] (20) goxlr_daemon::device: Setting ReverbEarlyLevel to -25
15:13:36 [DEBUG] (20) goxlr_daemon::device: Setting ReverbTailLevel to 0
15:13:36 [DEBUG] (20) goxlr_daemon::device: Setting MegaphoneStyle to 1
15:13:36 [DEBUG] (20) goxlr_daemon::device: Setting MegaphoneAmount to 30
15:13:36 [DEBUG] (20) goxlr_daemon::device: Setting MegaphoneHP to 110
15:13:36 [DEBUG] (20) goxlr_daemon::device: Setting MegaphoneLP to 190
15:13:36 [DEBUG] (20) goxlr_daemon::device: Setting MegaphonePreGain to 0
15:13:36 [DEBUG] (20) goxlr_daemon::device: Setting MegaphonePostGain to 2
15:13:36 [DEBUG] (20) goxlr_daemon::device: Setting MegaphoneDistType to 4
15:13:36 [DEBUG] (20) goxlr_daemon::device: Setting MegaphonePresenceGain to 7
15:13:36 [DEBUG] (20) goxlr_daemon::device: Setting MegaphonePresenceFC to 160
15:13:36 [DEBUG] (20) goxlr_daemon::device: Setting MegaphonePresenceBW to 5
15:13:36 [DEBUG] (20) goxlr_daemon::device: Setting MegaphoneBeatboxEnable to 0
15:13:36 [DEBUG] (20) goxlr_daemon::device: Setting MegaphoneFilterControl to 1
15:13:36 [DEBUG] (20) goxlr_daemon::device: Setting MegaphoneFilter to 59
15:13:36 [DEBUG] (20) goxlr_daemon::device: Setting MegaphoneDrivePotGainCompMid to 0
15:13:36 [DEBUG] (20) goxlr_daemon::device: Setting MegaphoneDrivePotGainCompMax to 5
15:13:36 [DEBUG] (20) goxlr_daemon::device: Setting RobotPulseWidth to 50
15:13:36 [DEBUG] (20) goxlr_daemon::device: Setting RobotWaveform to 1
15:13:36 [DEBUG] (20) goxlr_daemon::device: Setting RobotThreshold to -36
15:13:36 [DEBUG] (20) goxlr_daemon::device: Setting RobotDryMix to -6
15:13:36 [DEBUG] (20) goxlr_daemon::device: Setting RobotLowFreq to 0
15:13:36 [DEBUG] (20) goxlr_daemon::device: Setting RobotLowGain to 0
15:13:36 [DEBUG] (20) goxlr_daemon::device: Setting RobotLowWidth to 0
15:13:36 [DEBUG] (20) goxlr_daemon::device: Setting RobotMidFreq to 0
15:13:36 [DEBUG] (20) goxlr_daemon::device: Setting RobotMidGain to 0
15:13:36 [DEBUG] (20) goxlr_daemon::device: Setting RobotMidWidth to 0
15:13:36 [DEBUG] (20) goxlr_daemon::device: Setting RobotHiFreq to 0
15:13:36 [DEBUG] (20) goxlr_daemon::device: Setting RobotHiGain to 0
15:13:36 [DEBUG] (20) goxlr_daemon::device: Setting RobotHiWidth to 0
15:13:36 [DEBUG] (20) goxlr_daemon::device: Setting RobotStyle to 1
15:13:36 [DEBUG] (20) goxlr_daemon::device: Setting HardTuneKeySource to 0
15:13:36 [DEBUG] (20) goxlr_daemon::device: Setting HardTuneAmount to 53
15:13:36 [DEBUG] (20) goxlr_daemon::device: Setting HardTuneWindow to 20
15:13:36 [DEBUG] (20) goxlr_daemon::device: Setting HardTuneRate to 99
15:13:36 [DEBUG] (20) goxlr_daemon::device: Setting HardTuneScale to 5
15:13:36 [DEBUG] (20) goxlr_daemon::device: Setting HardTunePitchAmount to 0
15:13:36 [DEBUG] (20) goxlr_daemon::device: Setting EchoAmount to -12
15:13:36 [DEBUG] (20) goxlr_daemon::device: Setting EchoSource to 1
15:13:36 [DEBUG] (20) goxlr_daemon::device: Setting EchoDivL to 10
15:13:36 [DEBUG] (20) goxlr_daemon::device: Setting EchoDivR to 13
15:13:36 [DEBUG] (20) goxlr_daemon::device: Setting EchoFeedbackL to 50
15:13:36 [DEBUG] (20) goxlr_daemon::device: Setting EchoFeedbackR to 0
15:13:36 [DEBUG] (20) goxlr_daemon::device: Setting EchoXFBLtoR to 100
15:13:36 [DEBUG] (20) goxlr_daemon::device: Setting EchoXFBRtoL to 0
15:13:36 [DEBUG] (20) goxlr_daemon::device: Setting EchoFeedback to 55
15:13:36 [DEBUG] (20) goxlr_daemon::device: Setting EchoFilterStyle to 0
15:13:36 [DEBUG] (20) goxlr_daemon::device: Setting EchoTempo to 120
15:13:36 [DEBUG] (20) goxlr_daemon::device: Setting PitchAmount to 0
15:13:36 [DEBUG] (20) goxlr_daemon::device: Setting PitchCharacter to 75
15:13:36 [DEBUG] (20) goxlr_daemon::device: Setting PitchThreshold to -26
15:13:36 [DEBUG] (20) goxlr_daemon::device: Setting GenderAmount to 0
15:13:36 [DEBUG] (20) goxlr_daemon::device: Setting Encoder1Enabled to 0
15:13:36 [DEBUG] (20) goxlr_daemon::device: Setting Encoder2Enabled to 0
15:13:36 [DEBUG] (20) goxlr_daemon::device: Setting Encoder3Enabled to 0
15:13:36 [DEBUG] (20) goxlr_daemon::device: Setting Encoder4Enabled to 0
15:13:36 [DEBUG] (20) goxlr_daemon::device: Setting MegaphoneEnabled to 0
15:13:36 [DEBUG] (20) goxlr_daemon::device: Setting HardTuneEnabled to 0
15:13:36 [DEBUG] (20) goxlr_daemon::device: Setting RobotEnabled to 0
15:13:36 [DEBUG] (20) goxlr_daemon::device: Setting MicInputMute to 0
15:13:36 [DEBUG] (20) goxlr_daemon::device: Validating Sampler Configuration..
15:13:36 [DEBUG] (20) goxlr_daemon::settings: Saving Settings
15:13:36 [DEBUG] (20) goxlr_daemon::settings: Creating Temporary Save File: "/home/gaz/.config/goxlr-utility/settings.tmp"
15:13:36 [DEBUG] (20) goxlr_daemon::settings: Save Complete and synced, renaming to "/home/gaz/.config/goxlr-utility/settings.json"
15:13:36 [DEBUG] (20) goxlr_daemon::settings: Target exists, removing..
15:13:36 [DEBUG] (20) goxlr_daemon::settings: Renaming "/home/gaz/.config/goxlr-utility/settings.tmp" to "/home/gaz/.config/goxlr-utility/settings.json"
15:13:36 [DEBUG] (20) goxlr_daemon::settings: Settings Saved.
15:13:36 [DEBUG] (20) goxlr_daemon::device: Updating System volume from 188 to 187 as a human moved the fader
15:13:39 [DEBUG] (20) goxlr_daemon::profile: Loading Profile From /home/gaz/.local/share/goxlr-utility/profiles/Default.goxlr
15:13:39 [DEBUG] (20) goxlr_profile_loader::profile: Loading Profile Archive..
15:13:39 [DEBUG] (20) goxlr_profile_loader::profile: Attempting to read profile.xml..
15:13:39 [DEBUG] (20) goxlr_profile_loader::profile: Preparing Structure..
15:13:39 [DEBUG] (20) goxlr_profile_loader::profile: MixRoutingTree { mix: {Headphones: A, Broadcast: A, LineOut: A, ChatMic: A, Sampler: A, StreamMix2: A} }
15:13:39 [DEBUG] (20) goxlr_profile_loader::profile: SubMixer { submix_enabled: false, volume_table: {Mic: 191, Chat: 116, Music: 127, Game: 128, Console: 128, LineIn: 128, System: 84, Sample: 254}, monitor_tree: MonitorTree { monitored_output: Headphones, headphone_mix: A, routing: {Mic: 8192, Chat: 8192, Music: 8192, Game: 8192, Console: 8192, LineIn: 8192, System: 8192, Sample: 8192} }, linking_tree: LinkingTree { linked_list: {Mic: true, Chat: true, Music: true, Game: true, Console: true, LineIn: true, System: true, Sample: true}, linked_ratio: {Mic: 1.0, Chat: 1.0, Music: 1.0, Game: 1.0, Console: 1.0, LineIn: 1.0, System: 1.0, Sample: 1.0} } }
15:13:39 [DEBUG] (20) goxlr_daemon::device: Profile Successfully Loaded, Performing Backup..
15:13:39 [DEBUG] (20) goxlr_profile_loader::profile: Creating Temporary Save File: "/home/gaz/.local/share/goxlr-utility/backups/Default.tmp"
15:13:39 [DEBUG] (20) goxlr_profile_loader::profile: Save Complete and synced, renaming to "/home/gaz/.local/share/goxlr-utility/backups/Default.goxlr"
15:13:39 [DEBUG] (20) goxlr_profile_loader::profile: Target profile exists, removing..
15:13:39 [DEBUG] (20) goxlr_profile_loader::profile: Renaming "/home/gaz/.local/share/goxlr-utility/backups/Default.tmp" to "/home/gaz/.local/share/goxlr-utility/backups/Default.goxlr"
15:13:39 [DEBUG] (20) goxlr_daemon::device: Backup Complete
15:13:39 [DEBUG] (20) goxlr_daemon::device: Applying Profile..
15:13:39 [DEBUG] (20) goxlr_daemon::device: Setting Faders..
15:13:39 [DEBUG] (20) goxlr_daemon::device: Setting Fader A to Mic
15:13:39 [DEBUG] (20) goxlr_daemon::device: Setting Fader B to Music
15:13:39 [DEBUG] (20) goxlr_daemon::device: Setting Fader C to Chat
15:13:39 [DEBUG] (20) goxlr_daemon::device: Setting Fader D to System
15:13:39 [DEBUG] (20) goxlr_daemon::device: Setting Mute States..
15:13:39 [DEBUG] (20) goxlr_daemon::device: Applying Microphone Mute State
15:13:39 [DEBUG] (20) goxlr_daemon::device: Setting Mic to Unmuted
15:13:39 [DEBUG] (20) goxlr_daemon::device: Channel System on Fader, Loading State from Profile
15:13:39 [DEBUG] (20) goxlr_daemon::device: Channel D already Unmuted, doing nothing.
15:13:39 [DEBUG] (20) goxlr_daemon::device: Channel Chat on Fader, Loading State from Profile
15:13:39 [DEBUG] (20) goxlr_daemon::device: Channel C already Unmuted, doing nothing.
15:13:39 [DEBUG] (20) goxlr_daemon::device: Channel Music on Fader, Loading State from Profile
15:13:39 [DEBUG] (20) goxlr_daemon::device: Channel B already Unmuted, doing nothing.
15:13:39 [DEBUG] (20) goxlr_daemon::device: Setting Channel Volumes..
15:13:39 [DEBUG] (20) goxlr_daemon::device: Setting volume for LineOut to 122
15:13:39 [DEBUG] (20) goxlr_daemon::device: Setting volume for Mic to 191
15:13:39 [DEBUG] (20) goxlr_daemon::device: Setting volume for LineIn to 128
15:13:39 [DEBUG] (20) goxlr_daemon::device: Setting volume for Console to 128
15:13:39 [DEBUG] (20) goxlr_daemon::device: Setting volume for System to 84
15:13:39 [DEBUG] (20) goxlr_daemon::device: Setting volume for Game to 128
15:13:39 [DEBUG] (20) goxlr_daemon::device: Setting volume for Chat to 116
15:13:39 [DEBUG] (20) goxlr_daemon::device: Setting volume for Sample to 254
15:13:39 [DEBUG] (20) goxlr_daemon::device: Setting volume for Music to 127
15:13:39 [DEBUG] (20) goxlr_daemon::device: Setting volume for MicMonitor to 140
15:13:39 [DEBUG] (20) goxlr_daemon::device: Setting volume for Headphones to 255
15:13:39 [DEBUG] (20) goxlr_daemon::device: Applying Submixing Settings..
15:13:39 [DEBUG] (20) goxlr_daemon::device: Loading Colour Map..
15:13:39 [DEBUG] (20) goxlr_daemon::device: Setting Fader display modes..
15:13:39 [DEBUG] (20) goxlr_daemon::device: Setting display for A
15:13:39 [DEBUG] (20) goxlr_daemon::device: Setting display for B
15:13:39 [DEBUG] (20) goxlr_daemon::device: Setting display for C
15:13:39 [DEBUG] (20) goxlr_daemon::device: Setting display for D
15:13:39 [DEBUG] (20) goxlr_daemon::device: Updating button states..
15:13:39 [DEBUG] (20) goxlr_daemon::device: Applying Routing..
15:13:39 [DEBUG] (20) goxlr_daemon::device: IsStreamNoMusic: false
15:13:39 [DEBUG] (20) goxlr_daemon::device: Applying Routing to Microphone:
15:13:39 [DEBUG] (20) goxlr_daemon::device: IsStreamNoMusic: false
15:13:39 [DEBUG] (20) goxlr_daemon::device: Applying Routing to Chat:
15:13:39 [DEBUG] (20) goxlr_daemon::device: IsStreamNoMusic: false
15:13:39 [DEBUG] (20) goxlr_daemon::device: Applying Routing to Music:
15:13:39 [DEBUG] (20) goxlr_daemon::device: Light HardTune Enabled for Channel: Music
15:13:39 [DEBUG] (20) goxlr_daemon::device: IsStreamNoMusic: false
15:13:39 [DEBUG] (20) goxlr_daemon::device: Applying Routing to Game:
15:13:39 [DEBUG] (20) goxlr_daemon::device: Light HardTune Enabled for Channel: Game
15:13:39 [DEBUG] (20) goxlr_daemon::device: IsStreamNoMusic: false
15:13:39 [DEBUG] (20) goxlr_daemon::device: Applying Routing to Console:
15:13:39 [DEBUG] (20) goxlr_daemon::device: IsStreamNoMusic: false
15:13:39 [DEBUG] (20) goxlr_daemon::device: Applying Routing to LineIn:
15:13:39 [DEBUG] (20) goxlr_daemon::device: Light HardTune Enabled for Channel: LineIn
15:13:39 [DEBUG] (20) goxlr_daemon::device: IsStreamNoMusic: false
15:13:39 [DEBUG] (20) goxlr_daemon::device: Applying Routing to System:
15:13:39 [DEBUG] (20) goxlr_daemon::device: Light HardTune Enabled for Channel: System
15:13:39 [DEBUG] (20) goxlr_daemon::device: IsStreamNoMusic: false
15:13:39 [DEBUG] (20) goxlr_daemon::device: Applying Routing to Samples:
15:13:39 [DEBUG] (20) goxlr_daemon::device: Applying Voice FX
15:13:39 [DEBUG] (20) goxlr_daemon::device: Setting ReverbAmount to -36
15:13:39 [DEBUG] (20) goxlr_daemon::device: Setting ReverbType to 5
15:13:39 [DEBUG] (20) goxlr_daemon::device: Setting ReverbDecay to 96
15:13:39 [DEBUG] (20) goxlr_daemon::device: Setting ReverbPredelay to 0
15:13:39 [DEBUG] (20) goxlr_daemon::device: Setting ReverbDiffuse to -50
15:13:39 [DEBUG] (20) goxlr_daemon::device: Setting ReverbLowColor to 0
15:13:39 [DEBUG] (20) goxlr_daemon::device: Setting ReverbHighColor to -50
15:13:39 [DEBUG] (20) goxlr_daemon::device: Setting ReverbHighFactor to -25
15:13:39 [DEBUG] (20) goxlr_daemon::device: Setting ReverbModSpeed to -25
15:13:39 [DEBUG] (20) goxlr_daemon::device: Setting ReverbModDepth to -25
15:13:39 [DEBUG] (20) goxlr_daemon::device: Setting ReverbEarlyLevel to -25
15:13:39 [DEBUG] (20) goxlr_daemon::device: Setting ReverbTailLevel to 0
15:13:39 [DEBUG] (20) goxlr_daemon::device: Setting MegaphoneStyle to 1
15:13:39 [DEBUG] (20) goxlr_daemon::device: Setting MegaphoneAmount to 100
15:13:39 [DEBUG] (20) goxlr_daemon::device: Setting MegaphoneHP to 110
15:13:39 [DEBUG] (20) goxlr_daemon::device: Setting MegaphoneLP to 190
15:13:39 [DEBUG] (20) goxlr_daemon::device: Setting MegaphonePreGain to 0
15:13:39 [DEBUG] (20) goxlr_daemon::device: Setting MegaphonePostGain to 2
15:13:39 [DEBUG] (20) goxlr_daemon::device: Setting MegaphoneDistType to 4
15:13:39 [DEBUG] (20) goxlr_daemon::device: Setting MegaphonePresenceGain to 7
15:13:39 [DEBUG] (20) goxlr_daemon::device: Setting MegaphonePresenceFC to 160
15:13:39 [DEBUG] (20) goxlr_daemon::device: Setting MegaphonePresenceBW to 5
15:13:39 [DEBUG] (20) goxlr_daemon::device: Setting MegaphoneBeatboxEnable to 0
15:13:39 [DEBUG] (20) goxlr_daemon::device: Setting MegaphoneFilterControl to 1
15:13:39 [DEBUG] (20) goxlr_daemon::device: Setting MegaphoneFilter to 59
15:13:39 [DEBUG] (20) goxlr_daemon::device: Setting MegaphoneDrivePotGainCompMid to 0
15:13:39 [DEBUG] (20) goxlr_daemon::device: Setting MegaphoneDrivePotGainCompMax to 5
15:13:39 [DEBUG] (20) goxlr_daemon::device: Setting RobotPulseWidth to 50
15:13:39 [DEBUG] (20) goxlr_daemon::device: Setting RobotWaveform to 1
15:13:39 [DEBUG] (20) goxlr_daemon::device: Setting RobotThreshold to -36
15:13:39 [DEBUG] (20) goxlr_daemon::device: Setting RobotDryMix to -6
15:13:39 [DEBUG] (20) goxlr_daemon::device: Setting RobotLowFreq to 88
15:13:39 [DEBUG] (20) goxlr_daemon::device: Setting RobotLowGain to -10
15:13:39 [DEBUG] (20) goxlr_daemon::device: Setting RobotLowWidth to 0
15:13:39 [DEBUG] (20) goxlr_daemon::device: Setting RobotMidFreq to 173
15:13:39 [DEBUG] (20) goxlr_daemon::device: Setting RobotMidGain to 5
15:13:39 [DEBUG] (20) goxlr_daemon::device: Setting RobotMidWidth to 32
15:13:39 [DEBUG] (20) goxlr_daemon::device: Setting RobotHiFreq to 182
15:13:39 [DEBUG] (20) goxlr_daemon::device: Setting RobotHiGain to 0
15:13:39 [DEBUG] (20) goxlr_daemon::device: Setting RobotHiWidth to 0
15:13:39 [DEBUG] (20) goxlr_daemon::device: Setting RobotStyle to 1
15:13:39 [DEBUG] (20) goxlr_daemon::device: Setting HardTuneKeySource to 0
15:13:39 [DEBUG] (20) goxlr_daemon::device: Setting HardTuneAmount to 53
15:13:39 [DEBUG] (20) goxlr_daemon::device: Setting HardTuneWindow to 20
15:13:39 [DEBUG] (20) goxlr_daemon::device: Setting HardTuneRate to 99
15:13:39 [DEBUG] (20) goxlr_daemon::device: Setting HardTuneScale to 5
15:13:39 [DEBUG] (20) goxlr_daemon::device: Setting HardTunePitchAmount to 0
15:13:39 [DEBUG] (20) goxlr_daemon::device: Setting EchoAmount to -36
15:13:39 [DEBUG] (20) goxlr_daemon::device: Setting EchoSource to 1
15:13:39 [DEBUG] (20) goxlr_daemon::device: Setting EchoDivL to 10
15:13:39 [DEBUG] (20) goxlr_daemon::device: Setting EchoDivR to 13
15:13:39 [DEBUG] (20) goxlr_daemon::device: Setting EchoFeedbackL to 50
15:13:39 [DEBUG] (20) goxlr_daemon::device: Setting EchoFeedbackR to 0
15:13:39 [DEBUG] (20) goxlr_daemon::device: Setting EchoXFBLtoR to 100
15:13:39 [DEBUG] (20) goxlr_daemon::device: Setting EchoXFBRtoL to 0
15:13:39 [DEBUG] (20) goxlr_daemon::device: Setting EchoFeedback to 55
15:13:39 [DEBUG] (20) goxlr_daemon::device: Setting EchoFilterStyle to 0
15:13:39 [DEBUG] (20) goxlr_daemon::device: Setting EchoTempo to 120
15:13:39 [DEBUG] (20) goxlr_daemon::device: Setting PitchAmount to 0
15:13:39 [DEBUG] (20) goxlr_daemon::device: Setting PitchCharacter to 100
15:13:39 [DEBUG] (20) goxlr_daemon::device: Setting PitchThreshold to -26
15:13:39 [DEBUG] (20) goxlr_daemon::device: Setting GenderAmount to 0
15:13:39 [DEBUG] (20) goxlr_daemon::device: Setting Encoder1Enabled to 0
15:13:39 [DEBUG] (20) goxlr_daemon::device: Setting Encoder2Enabled to 0
15:13:39 [DEBUG] (20) goxlr_daemon::device: Setting Encoder3Enabled to 0
15:13:39 [DEBUG] (20) goxlr_daemon::device: Setting Encoder4Enabled to 0
15:13:39 [DEBUG] (20) goxlr_daemon::device: Setting MegaphoneEnabled to 0
15:13:39 [DEBUG] (20) goxlr_daemon::device: Setting HardTuneEnabled to 0
15:13:39 [DEBUG] (20) goxlr_daemon::device: Setting RobotEnabled to 0
15:13:39 [DEBUG] (20) goxlr_daemon::device: Setting MicInputMute to 0
15:13:39 [DEBUG] (20) goxlr_daemon::device: Validating Sampler Configuration..
15:13:39 [DEBUG] (20) goxlr_daemon::settings: Saving Settings
15:13:39 [DEBUG] (20) goxlr_daemon::settings: Creating Temporary Save File: "/home/gaz/.config/goxlr-utility/settings.tmp"
15:13:39 [DEBUG] (20) goxlr_daemon::settings: Save Complete and synced, renaming to "/home/gaz/.config/goxlr-utility/settings.json"
15:13:39 [DEBUG] (20) goxlr_daemon::settings: Target exists, removing..
15:13:39 [DEBUG] (20) goxlr_daemon::settings: Renaming "/home/gaz/.config/goxlr-utility/settings.tmp" to "/home/gaz/.config/goxlr-utility/settings.json"
15:13:39 [DEBUG] (20) goxlr_daemon::settings: Settings Saved.
15:13:39 [DEBUG] (20) goxlr_daemon::device: Updating Mic volume from 191 to 192 as a human moved the fader
15:13:42 [DEBUG] (14) goxlr_daemon::device: Handling Button Down: SamplerSelectA
15:13:42 [DEBUG] (14) goxlr_daemon::device: Handling Button Release: SamplerSelectA, Has Long Press Handled: false
15:13:42 [DEBUG] (14) goxlr_daemon::tts: Received TTS Message: Sample A
15:13:43 [DEBUG] (14) goxlr_daemon::device: Handling Button Down: SamplerSelectB
15:13:43 [DEBUG] (14) goxlr_daemon::device: Handling Button Release: SamplerSelectB, Has Long Press Handled: false
15:13:43 [DEBUG] (14) goxlr_daemon::tts: Received TTS Message: Sample B
15:13:43 [DEBUG] (20) goxlr_daemon::device: Handling Button Down: SamplerSelectA
15:13:43 [DEBUG] (14) goxlr_daemon::device: Handling Button Release: SamplerSelectA, Has Long Press Handled: false
15:13:43 [DEBUG] (14) goxlr_daemon::tts: Received TTS Message: Sample A
15:13:44 [DEBUG] (20) goxlr_daemon::device: Handling Button Down: SamplerSelectB
15:13:44 [DEBUG] (14) goxlr_daemon::device: Handling Button Release: SamplerSelectB, Has Long Press Handled: false
15:13:44 [DEBUG] (14) goxlr_daemon::tts: Received TTS Message: Sample B
15:13:44 [DEBUG] (14) goxlr_daemon::device: Handling Button Down: SamplerSelectA
15:13:44 [DEBUG] (20) goxlr_daemon::device: Handling Button Release: SamplerSelectA, Has Long Press Handled: false
15:13:44 [DEBUG] (20) goxlr_daemon::tts: Received TTS Message: Sample A
15:14:20 [DEBUG] (44) goxlr_daemon::servers::http_server: Returning Cached Scribble Image for S200600408CQK - A
15:14:20 [DEBUG] (24) goxlr_daemon::servers::http_server: Returning Cached Scribble Image for S200600408CQK - B
15:14:20 [DEBUG] (28) goxlr_daemon::servers::http_server: Returning Cached Scribble Image for S200600408CQK - C
15:14:20 [DEBUG] (29) goxlr_daemon::servers::http_server: Returning Cached Scribble Image for S200600408CQK - D
15:14:20 [DEBUG] (29) goxlr_daemon::servers::http_server: Returning Cached Scribble Image for S200600408CQK - A
15:14:20 [DEBUG] (27) goxlr_daemon::servers::http_server: Returning Cached Scribble Image for S200600408CQK - B
15:14:20 [DEBUG] (28) goxlr_daemon::servers::http_server: Returning Cached Scribble Image for S200600408CQK - C
15:14:20 [DEBUG] (24) goxlr_daemon::servers::http_server: Returning Cached Scribble Image for S200600408CQK - D
15:16:59 [DEBUG] (2) goxlr_daemon::device: Updating Music volume from 127 to 132 as a human moved the fader
15:16:59 [DEBUG] (2) goxlr_daemon::device: Updating Music volume from 132 to 136 as a human moved the fader
15:16:59 [DEBUG] (2) goxlr_daemon::device: Updating Music volume from 136 to 140 as a human moved the fader
15:16:59 [DEBUG] (2) goxlr_daemon::device: Updating Music volume from 140 to 144 as a human moved the fader
15:16:59 [DEBUG] (2) goxlr_daemon::device: Updating Music volume from 144 to 151 as a human moved the fader
15:16:59 [DEBUG] (2) goxlr_daemon::device: Updating Music volume from 151 to 157 as a human moved the fader
15:16:59 [DEBUG] (2) goxlr_daemon::device: Updating Music volume from 157 to 163 as a human moved the fader
15:16:59 [DEBUG] (2) goxlr_daemon::device: Updating Music volume from 163 to 171 as a human moved the fader
15:16:59 [DEBUG] (2) goxlr_daemon::device: Updating Music volume from 171 to 177 as a human moved the fader
15:16:59 [DEBUG] (2) goxlr_daemon::device: Updating Music volume from 177 to 184 as a human moved the fader
15:16:59 [DEBUG] (2) goxlr_daemon::device: Updating Music volume from 184 to 192 as a human moved the fader
15:16:59 [DEBUG] (2) goxlr_daemon::device: Updating Music volume from 192 to 200 as a human moved the fader
15:16:59 [DEBUG] (2) goxlr_daemon::device: Updating Music volume from 200 to 208 as a human moved the fader
15:16:59 [DEBUG] (2) goxlr_daemon::device: Updating Music volume from 208 to 216 as a human moved the fader
15:16:59 [DEBUG] (2) goxlr_daemon::device: Updating Music volume from 216 to 221 as a human moved the fader
15:16:59 [DEBUG] (2) goxlr_daemon::device: Updating Music volume from 221 to 227 as a human moved the fader
15:16:59 [DEBUG] (2) goxlr_daemon::device: Updating Music volume from 227 to 231 as a human moved the fader
15:16:59 [DEBUG] (2) goxlr_daemon::device: Updating Music volume from 231 to 237 as a human moved the fader
15:16:59 [DEBUG] (2) goxlr_daemon::device: Updating Music volume from 237 to 241 as a human moved the fader
15:16:59 [DEBUG] (2) goxlr_daemon::device: Updating Music volume from 241 to 243 as a human moved the fader
15:16:59 [DEBUG] (2) goxlr_daemon::device: Updating Music volume from 243 to 247 as a human moved the fader
15:16:59 [DEBUG] (2) goxlr_daemon::device: Updating Music volume from 247 to 249 as a human moved the fader
15:16:59 [DEBUG] (2) goxlr_daemon::device: Updating Music volume from 249 to 255 as a human moved the fader
15:17:00 [DEBUG] (14) goxlr_daemon::device: Updating Music volume from 255 to 249 as a human moved the fader
15:17:00 [DEBUG] (14) goxlr_daemon::device: Updating Music volume from 249 to 245 as a human moved the fader
15:17:00 [DEBUG] (14) goxlr_daemon::device: Updating Music volume from 245 to 239 as a human moved the fader
15:17:00 [DEBUG] (14) goxlr_daemon::device: Updating Music volume from 239 to 233 as a human moved the fader
15:17:00 [DEBUG] (14) goxlr_daemon::device: Updating Music volume from 233 to 225 as a human moved the fader
15:17:00 [DEBUG] (14) goxlr_daemon::device: Updating Music volume from 225 to 219 as a human moved the fader
15:17:00 [DEBUG] (14) goxlr_daemon::device: Updating Music volume from 219 to 210 as a human moved the fader
15:17:00 [DEBUG] (14) goxlr_daemon::device: Updating Music volume from 210 to 202 as a human moved the fader
15:17:00 [DEBUG] (14) goxlr_daemon::device: Updating Music volume from 202 to 196 as a human moved the fader
15:17:00 [DEBUG] (14) goxlr_daemon::device: Updating Music volume from 196 to 188 as a human moved the fader
15:17:00 [DEBUG] (14) goxlr_daemon::device: Updating Music volume from 188 to 179 as a human moved the fader
15:17:00 [DEBUG] (14) goxlr_daemon::device: Updating Music volume from 179 to 173 as a human moved the fader
15:17:00 [DEBUG] (14) goxlr_daemon::device: Updating Music volume from 173 to 167 as a human moved the fader
15:17:00 [DEBUG] (14) goxlr_daemon::device: Updating Music volume from 167 to 163 as a human moved the fader
15:17:00 [DEBUG] (14) goxlr_daemon::device: Updating Music volume from 163 to 159 as a human moved the fader
15:17:00 [DEBUG] (14) goxlr_daemon::device: Updating Music volume from 159 to 155 as a human moved the fader
15:17:00 [DEBUG] (14) goxlr_daemon::device: Updating Music volume from 155 to 153 as a human moved the fader
15:17:00 [DEBUG] (14) goxlr_daemon::device: Updating Music volume from 153 to 151 as a human moved the fader
15:17:00 [DEBUG] (14) goxlr_daemon::device: Updating Music volume from 151 to 149 as a human moved the fader
15:17:00 [DEBUG] (14) goxlr_daemon::device: Updating Music volume from 149 to 147 as a human moved the fader
15:17:00 [DEBUG] (14) goxlr_daemon::device: Updating Music volume from 147 to 144 as a human moved the fader
15:17:00 [DEBUG] (14) goxlr_daemon::device: Updating Music volume from 144 to 142 as a human moved the fader
15:17:00 [DEBUG] (14) goxlr_daemon::device: Updating Music volume from 142 to 140 as a human moved the fader
15:17:01 [DEBUG] (20) goxlr_daemon::device: Updating Music volume from 140 to 144 as a human moved the fader
15:17:01 [DEBUG] (20) goxlr_daemon::device: Updating Music volume from 144 to 147 as a human moved the fader
15:17:01 [DEBUG] (20) goxlr_daemon::device: Updating Music volume from 147 to 149 as a human moved the fader
15:17:01 [DEBUG] (20) goxlr_daemon::device: Updating Music volume from 149 to 151 as a human moved the fader
15:17:01 [DEBUG] (20) goxlr_daemon::device: Updating Music volume from 151 to 153 as a human moved the fader
15:17:01 [DEBUG] (20) goxlr_daemon::device: Updating Music volume from 153 to 155 as a human moved the fader
15:17:01 [DEBUG] (20) goxlr_daemon::device: Updating Music volume from 155 to 157 as a human moved the fader
15:17:01 [DEBUG] (20) goxlr_daemon::device: Updating Music volume from 157 to 153 as a human moved the fader
15:17:01 [DEBUG] (20) goxlr_daemon::device: Updating Music volume from 153 to 151 as a human moved the fader
15:17:01 [DEBUG] (20) goxlr_daemon::device: Updating Music volume from 151 to 147 as a human moved the fader
15:17:01 [DEBUG] (20) goxlr_daemon::device: Updating Music volume from 147 to 144 as a human moved the fader
15:17:02 [DEBUG] (20) goxlr_daemon::device: Updating Music volume from 144 to 142 as a human moved the fader
15:17:02 [DEBUG] (2) goxlr_daemon::device: Updating Music volume from 142 to 138 as a human moved the fader
15:17:02 [DEBUG] (2) goxlr_daemon::device: Updating Music volume from 138 to 136 as a human moved the fader
15:17:02 [DEBUG] (2) goxlr_daemon::device: Updating Music volume from 136 to 134 as a human moved the fader
15:17:02 [DEBUG] (2) goxlr_daemon::device: Updating Music volume from 134 to 132 as a human moved the fader
15:17:02 [DEBUG] (2) goxlr_daemon::device: Updating Music volume from 132 to 130 as a human moved the fader
15:17:02 [DEBUG] (2) goxlr_daemon::device: Updating Music volume from 130 to 128 as a human moved the fader
15:17:02 [DEBUG] (2) goxlr_daemon::device: Updating Music volume from 128 to 129 as a human moved the fader
15:18:47 [DEBUG] (20) goxlr_daemon::device: Handling Button Down: MicrophoneMute
15:18:47 [DEBUG] (20) goxlr_daemon::device: Setting MicInputMute to 1
15:18:47 [DEBUG] (20) goxlr_daemon::device: IsStreamNoMusic: false
15:18:47 [DEBUG] (20) goxlr_daemon::device: Applying Routing to Microphone:
15:18:48 [DEBUG] (20) goxlr_daemon::tts: Received TTS Message: Mic Muted
15:18:48 [DEBUG] (2) goxlr_daemon::device: Handling Button Hold: MicrophoneMute
15:18:52 [DEBUG] (2) goxlr_daemon::device: Handling Button Release: MicrophoneMute, Has Long Press Handled: true
15:18:52 [DEBUG] (2) goxlr_daemon::device: Setting MicInputMute to 0
15:18:52 [DEBUG] (2) goxlr_daemon::device: IsStreamNoMusic: false
15:18:52 [DEBUG] (2) goxlr_daemon::device: Applying Routing to Microphone:
15:18:52 [DEBUG] (2) goxlr_daemon::tts: Received TTS Message: Mic Unmuted
15:18:54 [DEBUG] (20) goxlr_daemon::device: Handling Button Down: Fader1Mute
15:18:55 [DEBUG] (2) goxlr_daemon::device: Handling Button Hold: Fader1Mute
15:18:55 [DEBUG] (2) goxlr_daemon::device: IsStreamNoMusic: false
15:18:55 [DEBUG] (2) goxlr_daemon::device: Applying Routing to Microphone:
15:18:55 [DEBUG] (2) goxlr_daemon::tts: Received TTS Message: Mic Muted
15:18:55 [DEBUG] (2) goxlr_daemon::device: Updating Mic volume from 0 to 170 as a human moved the fader
15:18:55 [DEBUG] (2) goxlr_daemon::device: Updating Mic volume from 170 to 123 as a human moved the fader
15:18:55 [DEBUG] (2) goxlr_daemon::device: Updating Mic volume from 123 to 69 as a human moved the fader
15:18:55 [DEBUG] (2) goxlr_daemon::device: Updating Mic volume from 69 to 13 as a human moved the fader
15:18:55 [DEBUG] (2) goxlr_daemon::device: Updating Mic volume from 13 to 4 as a human moved the fader
15:18:55 [DEBUG] (2) goxlr_daemon::device: Updating Mic volume from 4 to 0 as a human moved the fader
15:18:59 [DEBUG] (2) goxlr_daemon::device: Handling Button Release: Fader1Mute, Has Long Press Handled: true
15:19:01 [DEBUG] (2) goxlr_daemon::device: Handling Button Down: Fader2Mute
15:19:01 [DEBUG] (20) goxlr_daemon::device: Handling Button Hold: Fader2Mute
15:19:01 [DEBUG] (20) goxlr_daemon::tts: Received TTS Message: Music Muted
15:19:01 [DEBUG] (20) goxlr_daemon::device: Updating Music volume from 0 to 119 as a human moved the fader
15:19:01 [DEBUG] (20) goxlr_daemon::device: Updating Music volume from 119 to 80 as a human moved the fader
15:19:01 [DEBUG] (20) goxlr_daemon::device: Updating Music volume from 80 to 28 as a human moved the fader
15:19:01 [DEBUG] (20) goxlr_daemon::device: Updating Music volume from 28 to 0 as a human moved the fader
15:19:02 [DEBUG] (2) goxlr_daemon::device: Handling Button Release: Fader2Mute, Has Long Press Handled: true
15:19:03 [DEBUG] (20) goxlr_daemon::device: Handling Button Down: Fader2Mute
15:19:03 [DEBUG] (2) goxlr_daemon::device: Handling Button Release: Fader2Mute, Has Long Press Handled: false
15:19:03 [DEBUG] (2) goxlr_daemon::device: Setting MicInputMute to 1
15:19:03 [DEBUG] (2) goxlr_daemon::tts: Received TTS Message: Music unmuted
15:19:03 [DEBUG] (2) goxlr_daemon::device: Updating Music volume from 129 to 5 as a human moved the fader
15:19:03 [DEBUG] (20) goxlr_daemon::device: Updating Music volume from 5 to 39 as a human moved the fader
15:19:03 [DEBUG] (20) goxlr_daemon::device: Updating Music volume from 39 to 90 as a human moved the fader
15:19:03 [DEBUG] (20) goxlr_daemon::device: Updating Music volume from 90 to 130 as a human moved the fader
15:19:03 [DEBUG] (20) goxlr_daemon::device: Updating Music volume from 130 to 133 as a human moved the fader
15:19:03 [DEBUG] (20) goxlr_daemon::device: Updating Music volume from 133 to 127 as a human moved the fader
15:19:03 [DEBUG] (20) goxlr_daemon::device: Updating Chat volume from 116 to 115 as a human moved the fader
15:19:04 [DEBUG] (2) goxlr_daemon::device: Handling Button Down: Fader1Mute
15:19:04 [DEBUG] (2) goxlr_daemon::device: Handling Button Release: Fader1Mute, Has Long Press Handled: false
15:19:04 [DEBUG] (2) goxlr_daemon::device: Setting MicInputMute to 0
15:19:04 [DEBUG] (2) goxlr_daemon::device: IsStreamNoMusic: false
15:19:04 [DEBUG] (2) goxlr_daemon::device: Applying Routing to Microphone:
15:19:04 [DEBUG] (2) goxlr_daemon::tts: Received TTS Message: Mic unmuted
15:19:04 [DEBUG] (2) goxlr_daemon::device: Updating Mic volume from 192 to 16 as a human moved the fader
15:19:04 [DEBUG] (2) goxlr_daemon::device: Updating Mic volume from 16 to 67 as a human moved the fader
15:19:04 [DEBUG] (2) goxlr_daemon::device: Updating Mic volume from 67 to 120 as a human moved the fader
15:19:04 [DEBUG] (2) goxlr_daemon::device: Updating Mic volume from 120 to 179 as a human moved the fader
15:19:04 [DEBUG] (2) goxlr_daemon::device: Updating Mic volume from 179 to 200 as a human moved the fader
15:19:04 [DEBUG] (2) goxlr_daemon::device: Updating Mic volume from 200 to 190 as a human moved the fader
15:19:04 [DEBUG] (2) goxlr_daemon::device: Updating Mic volume from 190 to 188 as a human moved the fader
15:19:04 [DEBUG] (2) goxlr_daemon::device: Updating Music volume from 127 to 128 as a human moved the fader
15:19:04 [DEBUG] (2) goxlr_daemon::device: Updating Mic volume from 188 to 190 as a human moved the fader
15:19:04 [DEBUG] (2) goxlr_daemon::device: Updating Mic volume from 190 to 191 as a human moved the fader
15:19:04 [DEBUG] (2) goxlr_daemon::device: Updating Chat volume from 115 to 116 as a human moved the fader
15:19:05 [DEBUG] (2) goxlr_daemon::device: Handling Button Down: Fader1Mute
15:19:05 [DEBUG] (2) goxlr_daemon::device: Handling Button Release: Fader1Mute, Has Long Press Handled: false
15:19:05 [DEBUG] (2) goxlr_daemon::device: IsStreamNoMusic: false
15:19:05 [DEBUG] (2) goxlr_daemon::device: Applying Routing to Microphone:
15:19:05 [DEBUG] (2) goxlr_daemon::tts: Received TTS Message: Mic Muted
15:19:05 [DEBUG] (2) goxlr_daemon::device: Updating Mic volume from 0 to 167 as a human moved the fader
15:19:05 [DEBUG] (20) goxlr_daemon::device: Updating Mic volume from 167 to 117 as a human moved the fader
15:19:05 [DEBUG] (20) goxlr_daemon::device: Updating Mic volume from 117 to 59 as a human moved the fader
15:19:05 [DEBUG] (20) goxlr_daemon::device: Updating Mic volume from 59 to 6 as a human moved the fader
15:19:05 [DEBUG] (20) goxlr_daemon::device: Updating Mic volume from 6 to 4 as a human moved the fader
15:19:05 [DEBUG] (20) goxlr_daemon::device: Updating Music volume from 128 to 127 as a human moved the fader
15:19:05 [DEBUG] (20) goxlr_daemon::device: Updating Mic volume from 4 to 0 as a human moved the fader
15:19:05 [DEBUG] (20) goxlr_daemon::device: Handling Button Down: Fader2Mute
15:19:05 [DEBUG] (20) goxlr_daemon::device: Handling Button Release: Fader2Mute, Has Long Press Handled: false
15:19:05 [DEBUG] (20) goxlr_daemon::tts: Received TTS Message: Music Muted
15:19:05 [DEBUG] (20) goxlr_daemon::device: Updating Music volume from 0 to 114 as a human moved the fader
15:19:05 [DEBUG] (20) goxlr_daemon::device: Updating Music volume from 114 to 68 as a human moved the fader
15:19:05 [DEBUG] (20) goxlr_daemon::device: Updating Music volume from 68 to 18 as a human moved the fader
15:19:05 [DEBUG] (20) goxlr_daemon::device: Updating Music volume from 18 to 0 as a human moved the fader
15:19:06 [DEBUG] (2) goxlr_daemon::device: Handling Button Down: Fader1Mute
15:19:06 [DEBUG] (2) goxlr_daemon::device: Handling Button Release: Fader1Mute, Has Long Press Handled: false
15:19:06 [DEBUG] (2) goxlr_daemon::device: Setting MicInputMute to 0
15:19:06 [DEBUG] (2) goxlr_daemon::device: IsStreamNoMusic: false
15:19:06 [DEBUG] (2) goxlr_daemon::device: Applying Routing to Microphone:
15:19:06 [DEBUG] (2) goxlr_daemon::tts: Received TTS Message: Mic unmuted
15:19:06 [DEBUG] (2) goxlr_daemon::device: Updating Mic volume from 191 to 19 as a human moved the fader
15:19:06 [DEBUG] (20) goxlr_daemon::device: Updating Mic volume from 19 to 71 as a human moved the fader
15:19:06 [DEBUG] (20) goxlr_daemon::device: Updating Mic volume from 71 to 126 as a human moved the fader
15:19:06 [DEBUG] (20) goxlr_daemon::device: Updating Mic volume from 126 to 176 as a human moved the fader
15:19:06 [DEBUG] (20) goxlr_daemon::device: Updating Mic volume from 176 to 199 as a human moved the fader
15:19:06 [DEBUG] (20) goxlr_daemon::device: Updating Mic volume from 199 to 187 as a human moved the fader
15:19:06 [DEBUG] (20) goxlr_daemon::device: Updating Chat volume from 116 to 115 as a human moved the fader
15:19:06 [DEBUG] (20) goxlr_daemon::device: Updating Mic volume from 187 to 189 as a human moved the fader
15:19:06 [DEBUG] (20) goxlr_daemon::device: Handling Button Down: Fader2Mute
15:19:06 [DEBUG] (20) goxlr_daemon::device: Handling Button Release: Fader2Mute, Has Long Press Handled: false
15:19:06 [DEBUG] (20) goxlr_daemon::device: Setting MicInputMute to 0
15:19:06 [DEBUG] (20) goxlr_daemon::tts: Received TTS Message: Music unmuted
15:19:06 [DEBUG] (20) goxlr_daemon::device: Updating Music volume from 127 to 6 as a human moved the fader
15:19:06 [DEBUG] (20) goxlr_daemon::device: Updating Music volume from 6 to 35 as a human moved the fader
15:19:06 [DEBUG] (20) goxlr_daemon::device: Updating Music volume from 35 to 85 as a human moved the fader
15:19:06 [DEBUG] (20) goxlr_daemon::device: Updating Music volume from 85 to 126 as a human moved the fader
15:19:06 [DEBUG] (20) goxlr_daemon::device: Updating Music volume from 126 to 133 as a human moved the fader
15:19:07 [DEBUG] (20) goxlr_daemon::device: Updating Music volume from 133 to 126 as a human moved the fader
15:19:07 [DEBUG] (20) goxlr_daemon::device: Updating Chat volume from 115 to 116 as a human moved the fader
15:19:07 [DEBUG] (2) goxlr_daemon::device: Handling Button Down: Fader2Mute
15:19:07 [DEBUG] (2) goxlr_daemon::device: Handling Button Release: Fader2Mute, Has Long Press Handled: false
15:19:07 [DEBUG] (2) goxlr_daemon::tts: Received TTS Message: Music Muted
15:19:07 [DEBUG] (2) goxlr_daemon::device: Updating Music volume from 0 to 113 as a human moved the fader
15:19:07 [DEBUG] (2) goxlr_daemon::device: Updating Music volume from 113 to 70 as a human moved the fader
15:19:07 [DEBUG] (2) goxlr_daemon::device: Updating Music volume from 70 to 28 as a human moved the fader
15:19:07 [DEBUG] (2) goxlr_daemon::device: Updating Music volume from 28 to 0 as a human moved the fader
15:19:08 [DEBUG] (2) goxlr_daemon::device: Handling Button Down: Fader1Mute
15:19:08 [DEBUG] (2) goxlr_daemon::device: Handling Button Release: Fader1Mute, Has Long Press Handled: false
15:19:08 [DEBUG] (2) goxlr_daemon::device: IsStreamNoMusic: false
15:19:08 [DEBUG] (2) goxlr_daemon::device: Applying Routing to Microphone:
15:19:08 [DEBUG] (2) goxlr_daemon::tts: Received TTS Message: Mic Muted
15:19:08 [DEBUG] (2) goxlr_daemon::device: Updating Mic volume from 0 to 166 as a human moved the fader
15:19:08 [DEBUG] (2) goxlr_daemon::device: Updating Mic volume from 166 to 116 as a human moved the fader
15:19:08 [DEBUG] (2) goxlr_daemon::device: Updating Mic volume from 116 to 63 as a human moved the fader
15:19:08 [DEBUG] (2) goxlr_daemon::device: Updating Mic volume from 63 to 11 as a human moved the fader
15:19:08 [DEBUG] (2) goxlr_daemon::device: Updating Mic volume from 11 to 4 as a human moved the fader
15:19:08 [DEBUG] (2) goxlr_daemon::device: Updating Mic volume from 4 to 0 as a human moved the fader
15:19:08 [DEBUG] (2) goxlr_daemon::device: Updating Chat volume from 116 to 115 as a human moved the fader
15:19:09 [DEBUG] (2) goxlr_daemon::device: Handling Button Down: Fader2Mute
15:19:09 [DEBUG] (2) goxlr_daemon::device: Handling Button Release: Fader2Mute, Has Long Press Handled: false
15:19:09 [DEBUG] (2) goxlr_daemon::device: Setting MicInputMute to 1
15:19:09 [DEBUG] (2) goxlr_daemon::tts: Received TTS Message: Music unmuted
15:19:09 [DEBUG] (2) goxlr_daemon::device: Updating Music volume from 126 to 0 as a human moved the fader
15:19:09 [DEBUG] (14) goxlr_daemon::device: Updating Music volume from 0 to 37 as a human moved the fader
15:19:09 [DEBUG] (14) goxlr_daemon::device: Updating Music volume from 37 to 84 as a human moved the fader
15:19:09 [DEBUG] (14) goxlr_daemon::device: Updating Music volume from 84 to 125 as a human moved the fader
15:19:09 [DEBUG] (14) goxlr_daemon::device: Updating Music volume from 125 to 132 as a human moved the fader
15:19:09 [DEBUG] (14) goxlr_daemon::device: Updating Music volume from 132 to 125 as a human moved the fader
15:19:09 [DEBUG] (14) goxlr_daemon::device: Handling Button Down: Fader1Mute
15:19:09 [DEBUG] (14) goxlr_daemon::device: Handling Button Release: Fader1Mute, Has Long Press Handled: false
15:19:09 [DEBUG] (14) goxlr_daemon::device: Setting MicInputMute to 0
15:19:09 [DEBUG] (14) goxlr_daemon::device: IsStreamNoMusic: false
15:19:09 [DEBUG] (14) goxlr_daemon::device: Applying Routing to Microphone:
15:19:09 [DEBUG] (14) goxlr_daemon::tts: Received TTS Message: Mic unmuted
15:19:09 [DEBUG] (14) goxlr_daemon::device: Updating Mic volume from 189 to 19 as a human moved the fader
15:19:09 [DEBUG] (14) goxlr_daemon::device: Updating Mic volume from 19 to 66 as a human moved the fader
15:19:09 [DEBUG] (14) goxlr_daemon::device: Updating Mic volume from 66 to 118 as a human moved the fader
15:19:09 [DEBUG] (14) goxlr_daemon::device: Updating Mic volume from 118 to 175 as a human moved the fader
15:19:09 [DEBUG] (14) goxlr_daemon::device: Updating Mic volume from 175 to 198 as a human moved the fader
15:19:09 [DEBUG] (14) goxlr_daemon::device: Updating Mic volume from 198 to 186 as a human moved the fader
15:19:09 [DEBUG] (14) goxlr_daemon::device: Updating Mic volume from 186 to 185 as a human moved the fader
15:19:10 [DEBUG] (2) goxlr_daemon::device: Handling Button Down: Fader4Mute
15:19:10 [DEBUG] (14) goxlr_daemon::device: Handling Button Hold: Fader4Mute
15:19:10 [DEBUG] (14) goxlr_daemon::tts: Received TTS Message: System Muted
15:19:10 [DEBUG] (2) goxlr_daemon::device: Updating System volume from 0 to 80 as a human moved the fader
15:19:10 [DEBUG] (14) goxlr_daemon::device: Updating System volume from 80 to 45 as a human moved the fader
15:19:10 [DEBUG] (14) goxlr_daemon::device: Updating System volume from 45 to 7 as a human moved the fader
15:19:10 [DEBUG] (14) goxlr_daemon::device: Updating System volume from 7 to 0 as a human moved the fader
15:19:11 [DEBUG] (14) goxlr_daemon::device: Updating Chat volume from 115 to 116 as a human moved the fader
15:19:11 [DEBUG] (14) goxlr_daemon::device: Handling Button Release: Fader4Mute, Has Long Press Handled: true
15:19:12 [DEBUG] (20) goxlr_daemon::device: Handling Button Down: Fader4Mute
15:19:12 [DEBUG] (20) goxlr_daemon::device: Handling Button Release: Fader4Mute, Has Long Press Handled: false
15:19:12 [DEBUG] (20) goxlr_daemon::device: Setting MicInputMute to 0
15:19:12 [DEBUG] (20) goxlr_daemon::tts: Received TTS Message: System unmuted
15:19:12 [DEBUG] (20) goxlr_daemon::device: Updating System volume from 84 to 0 as a human moved the fader
15:19:12 [DEBUG] (14) goxlr_daemon::device: Updating System volume from 0 to 37 as a human moved the fader
15:19:12 [DEBUG] (14) goxlr_daemon::device: Updating System volume from 37 to 79 as a human moved the fader
15:19:12 [DEBUG] (14) goxlr_daemon::device: Updating System volume from 79 to 88 as a human moved the fader
15:19:13 [DEBUG] (14) goxlr_daemon::device: Updating System volume from 88 to 84 as a human moved the fader
15:19:47 [DEBUG] (20) goxlr_daemon::device: Handling Button Down: Fader1Mute
15:19:47 [DEBUG] (14) goxlr_daemon::device: Handling Button Hold: Fader1Mute
15:19:47 [DEBUG] (14) goxlr_daemon::device: IsStreamNoMusic: false
15:19:47 [DEBUG] (14) goxlr_daemon::device: Applying Routing to Microphone:
15:19:47 [DEBUG] (14) goxlr_daemon::tts: Received TTS Message: Mic Muted
15:19:47 [DEBUG] (14) goxlr_daemon::device: Updating Mic volume from 0 to 170 as a human moved the fader
15:19:47 [DEBUG] (14) goxlr_daemon::device: Updating Mic volume from 170 to 117 as a human moved the fader
15:19:47 [DEBUG] (14) goxlr_daemon::device: Updating Mic volume from 117 to 67 as a human moved the fader
15:19:47 [DEBUG] (14) goxlr_daemon::device: Updating Mic volume from 67 to 11 as a human moved the fader
15:19:47 [DEBUG] (14) goxlr_daemon::device: Updating Mic volume from 11 to 4 as a human moved the fader
15:19:47 [DEBUG] (14) goxlr_daemon::device: Updating Mic volume from 4 to 5 as a human moved the fader
15:19:47 [DEBUG] (14) goxlr_daemon::device: Updating Mic volume from 5 to 0 as a human moved the fader
15:19:48 [DEBUG] (14) goxlr_daemon::device: Handling Button Release: Fader1Mute, Has Long Press Handled: true
15:19:48 [DEBUG] (2) goxlr_daemon::device: Updating Mic volume from 0 to 5 as a human moved the fader
15:19:48 [DEBUG] (2) goxlr_daemon::device: Updating Mic volume from 5 to 9 as a human moved the fader
15:19:48 [DEBUG] (2) goxlr_daemon::device: Updating Mic volume from 9 to 13 as a human moved the fader
15:19:48 [DEBUG] (2) goxlr_daemon::device: Updating Mic volume from 13 to 17 as a human moved the fader
15:19:48 [DEBUG] (14) goxlr_daemon::device: Updating Mic volume from 17 to 21 as a human moved the fader
15:19:48 [DEBUG] (14) goxlr_daemon::device: Updating Mic volume from 21 to 27 as a human moved the fader
15:19:48 [DEBUG] (14) goxlr_daemon::device: Updating Mic volume from 27 to 33 as a human moved the fader
15:19:48 [DEBUG] (14) goxlr_daemon::device: Updating Mic volume from 33 to 37 as a human moved the fader
15:19:48 [DEBUG] (14) goxlr_daemon::device: Updating Mic volume from 37 to 41 as a human moved the fader
15:19:48 [DEBUG] (14) goxlr_daemon::device: Updating Mic volume from 41 to 44 as a human moved the fader
15:19:49 [DEBUG] (14) goxlr_daemon::device: Updating Mic volume from 44 to 37 as a human moved the fader
15:19:49 [DEBUG] (2) goxlr_daemon::device: Updating Mic volume from 37 to 28 as a human moved the fader
15:19:49 [DEBUG] (2) goxlr_daemon::device: Updating Mic volume from 28 to 14 as a human moved the fader
15:19:49 [DEBUG] (2) goxlr_daemon::device: Updating Mic volume from 14 to 0 as a human moved the fader
15:19:49 [DEBUG] (14) goxlr_daemon::device: Updating Mic volume from 0 to 5 as a human moved the fader
15:19:49 [DEBUG] (14) goxlr_daemon::device: Updating Mic volume from 5 to 23 as a human moved the fader
15:19:49 [DEBUG] (14) goxlr_daemon::device: Updating Mic volume from 23 to 53 as a human moved the fader
15:19:49 [DEBUG] (14) goxlr_daemon::device: Updating Mic volume from 53 to 83 as a human moved the fader
15:19:49 [DEBUG] (14) goxlr_daemon::device: Updating Mic volume from 83 to 115 as a human moved the fader
15:19:49 [DEBUG] (14) goxlr_daemon::device: Updating Mic volume from 115 to 129 as a human moved the fader
15:19:49 [DEBUG] (14) goxlr_daemon::device: Updating Mic volume from 129 to 135 as a human moved the fader
15:19:50 [DEBUG] (2) goxlr_daemon::device: Updating Mic volume from 135 to 121 as a human moved the fader
15:19:50 [DEBUG] (2) goxlr_daemon::device: Updating Mic volume from 121 to 111 as a human moved the fader
15:19:50 [DEBUG] (2) goxlr_daemon::device: Updating Mic volume from 111 to 93 as a human moved the fader
15:19:50 [DEBUG] (2) goxlr_daemon::device: Updating Mic volume from 93 to 72 as a human moved the fader
15:19:50 [DEBUG] (2) goxlr_daemon::device: Updating Mic volume from 72 to 48 as a human moved the fader
15:19:50 [DEBUG] (2) goxlr_daemon::device: Updating Mic volume from 48 to 22 as a human moved the fader
15:19:50 [DEBUG] (2) goxlr_daemon::device: Updating Mic volume from 22 to 0 as a human moved the fader
15:19:50 [DEBUG] (2) goxlr_daemon::device: Handling Button Down: Fader1Mute
15:19:50 [DEBUG] (2) goxlr_daemon::device: Handling Button Release: Fader1Mute, Has Long Press Handled: false
15:19:50 [DEBUG] (2) goxlr_daemon::device: Setting MicInputMute to 0
15:19:50 [DEBUG] (2) goxlr_daemon::device: IsStreamNoMusic: false
15:19:50 [DEBUG] (2) goxlr_daemon::device: Applying Routing to Microphone:
15:19:50 [DEBUG] (2) goxlr_daemon::tts: Received TTS Message: Mic unmuted
15:19:50 [DEBUG] (2) goxlr_daemon::device: Updating Mic volume from 185 to 17 as a human moved the fader
15:19:50 [DEBUG] (14) goxlr_daemon::device: Updating Mic volume from 17 to 68 as a human moved the fader
15:19:51 [DEBUG] (14) goxlr_daemon::device: Updating Mic volume from 68 to 121 as a human moved the fader
15:19:51 [DEBUG] (14) goxlr_daemon::device: Updating Mic volume from 121 to 175 as a human moved the fader
15:19:51 [DEBUG] (14) goxlr_daemon::device: Updating Mic volume from 175 to 193 as a human moved the fader
15:19:51 [DEBUG] (14) goxlr_daemon::device: Updating Mic volume from 193 to 181 as a human moved the fader
15:22:39 [DEBUG] (20) goxlr_daemon::device: Mic Profile Successfully Loaded, Performing Backup..
15:22:39 [DEBUG] (20) goxlr_profile_loader::mic_profile: Creating Temporary Save File: "/home/gaz/.local/share/goxlr-utility/backups/DEFAULT-custom.tmp"
15:22:39 [DEBUG] (20) goxlr_profile_loader::mic_profile: Save Complete and synced, renaming to "/home/gaz/.local/share/goxlr-utility/backups/DEFAULT-custom.goxlrMicProfile"
15:22:39 [DEBUG] (20) goxlr_profile_loader::mic_profile: Renaming "/home/gaz/.local/share/goxlr-utility/backups/DEFAULT-custom.tmp" to "/home/gaz/.local/share/goxlr-utility/backups/DEFAULT-custom.goxlrMicProfile"
15:22:39 [DEBUG] (20) goxlr_daemon::device: Backup Complete
15:22:39 [DEBUG] (20) goxlr_daemon::device: Setting GateEnabled to 1
15:22:39 [DEBUG] (20) goxlr_daemon::device: Setting GateThreshold to -35
15:22:39 [DEBUG] (20) goxlr_daemon::device: Setting GateAttack to 0
15:22:39 [DEBUG] (20) goxlr_daemon::device: Setting CompressorThreshold to -15
15:22:39 [DEBUG] (20) goxlr_daemon::device: Setting BleepLevel to -20
15:22:39 [DEBUG] (20) goxlr_daemon::device: Setting Equalizer8KHzFrequency to 207
15:22:39 [DEBUG] (20) goxlr_daemon::device: Setting CompressorAttack to 1
15:22:39 [DEBUG] (20) goxlr_daemon::device: Setting Equalizer2KHzGain to 0
15:22:39 [DEBUG] (20) goxlr_daemon::device: Setting Equalizer2KHzFrequency to 159
15:22:39 [DEBUG] (20) goxlr_daemon::device: Setting Equalizer1KHzGain to 0
15:22:39 [DEBUG] (20) goxlr_daemon::device: Setting CompressorRatio to 8
15:22:39 [DEBUG] (20) goxlr_daemon::device: Setting Equalizer31HzGain to -9
15:22:39 [DEBUG] (20) goxlr_daemon::device: Setting CompressorRelease to 7
15:22:39 [DEBUG] (20) goxlr_daemon::device: Setting MicInputMute to 0
15:22:39 [DEBUG] (20) goxlr_daemon::device: Setting Equalizer16KHzFrequency to 231
15:22:39 [DEBUG] (20) goxlr_daemon::device: Setting DeEsser to 52
15:22:39 [DEBUG] (20) goxlr_daemon::device: Setting Equalizer250HzGain to 0
15:22:39 [DEBUG] (20) goxlr_daemon::device: Setting Equalizer500HzGain to 0
15:22:39 [DEBUG] (20) goxlr_daemon::device: Setting Equalizer125HzGain to -2
15:22:39 [DEBUG] (20) goxlr_daemon::device: Setting Equalizer63HzFrequency to 40
15:22:39 [DEBUG] (20) goxlr_daemon::device: Setting Equalizer16KHzGain to -9
15:22:39 [DEBUG] (20) goxlr_daemon::device: Setting Equalizer31HzFrequency to 14
15:22:39 [DEBUG] (20) goxlr_daemon::device: Setting Equalizer4KHzFrequency to 183
15:22:39 [DEBUG] (20) goxlr_daemon::device: Setting Equalizer1KHzFrequency to 135
15:22:39 [DEBUG] (20) goxlr_daemon::device: Setting GateAttenuation to -18
15:22:39 [DEBUG] (20) goxlr_daemon::device: Setting GateMode to 2
15:22:39 [DEBUG] (20) goxlr_daemon::device: Setting CompressorMakeUpGain to 8
15:22:39 [DEBUG] (20) goxlr_daemon::device: Setting GateRelease to 19
15:22:39 [DEBUG] (20) goxlr_daemon::device: Setting Equalizer250HzFrequency to 87
15:22:39 [DEBUG] (20) goxlr_daemon::device: Setting Equalizer63HzGain to -9
15:22:39 [DEBUG] (20) goxlr_daemon::device: Setting Equalizer8KHzGain to -2
15:22:39 [DEBUG] (20) goxlr_daemon::device: Setting Equalizer4KHzGain to 0
15:22:39 [DEBUG] (20) goxlr_daemon::device: Setting Equalizer500HzFrequency to 111
15:22:39 [DEBUG] (20) goxlr_daemon::device: Setting Equalizer125HzFrequency to 63
15:22:39 [DEBUG] (20) goxlr_daemon::settings: Saving Settings
15:22:39 [DEBUG] (20) goxlr_daemon::settings: Creating Temporary Save File: "/home/gaz/.config/goxlr-utility/settings.tmp"
15:22:39 [DEBUG] (20) goxlr_daemon::settings: Save Complete and synced, renaming to "/home/gaz/.config/goxlr-utility/settings.json"
15:22:39 [DEBUG] (20) goxlr_daemon::settings: Target exists, removing..
15:22:39 [DEBUG] (20) goxlr_daemon::settings: Renaming "/home/gaz/.config/goxlr-utility/settings.tmp" to "/home/gaz/.config/goxlr-utility/settings.json"
15:22:39 [DEBUG] (20) goxlr_daemon::settings: Settings Saved.
15:24:07 [DEBUG] (2) goxlr_daemon::device: Handling Button Down: SamplerTopLeft
15:24:07 [DEBUG] (2) goxlr_daemon::device: Handling Sample Button, clear state: false
15:24:07 [DEBUG] (48) goxlr_audio::player: Starting Sample: 286380
15:24:07 [DEBUG] (48) goxlr_audio::player: Stop Sample: 337022
15:24:07 [DEBUG] (20) goxlr_daemon::device: Handling Button Release: SamplerTopLeft, Has Long Press Handled: false
15:24:14 [DEBUG] (2) goxlr_daemon::device: Handling Button Down: SamplerTopLeft
15:24:14 [DEBUG] (2) goxlr_daemon::device: Handling Sample Button, clear state: false
15:24:14 [DEBUG] (49) goxlr_audio::player: Starting Sample: 286380
15:24:14 [DEBUG] (49) goxlr_audio::player: Stop Sample: 337022
15:24:14 [DEBUG] (14) goxlr_daemon::device: Handling Button Release: SamplerTopLeft, Has Long Press Handled: false
15:24:15 [DEBUG] (2) goxlr_daemon::device: Handling Button Down: SamplerTopRight
15:24:15 [DEBUG] (2) goxlr_daemon::device: Handling Sample Button, clear state: false
15:24:15 [DEBUG] (50) goxlr_audio::player: Starting Sample: 330266
15:24:15 [DEBUG] (50) goxlr_audio::player: Stop Sample: 387790
15:24:15 [DEBUG] (14) goxlr_daemon::device: Handling Button Release: SamplerTopRight, Has Long Press Handled: false
15:24:16 [DEBUG] (2) goxlr_daemon::device: Handling Button Down: SamplerBottomLeft
15:24:16 [DEBUG] (2) goxlr_daemon::device: Handling Sample Button, clear state: false
15:24:16 [DEBUG] (51) goxlr_audio::player: Starting Sample: 179608
15:24:16 [DEBUG] (51) goxlr_audio::player: Stop Sample: 413518
15:24:16 [DEBUG] (14) goxlr_daemon::device: Handling Button Release: SamplerBottomLeft, Has Long Press Handled: false
15:24:18 [DEBUG] (14) goxlr_daemon::device: Handling Button Down: SamplerBottomRight
15:24:18 [DEBUG] (14) goxlr_daemon::device: Handling Sample Button, clear state: false
15:24:19 [DEBUG] (20) goxlr_daemon::device: Handling Button Release: SamplerBottomRight, Has Long Press Handled: false
15:24:19 [DEBUG] (20) goxlr_daemon::device: Handling Button Down: SamplerSelectB
15:24:20 [DEBUG] (20) goxlr_daemon::device: Handling Button Release: SamplerSelectB, Has Long Press Handled: false
15:24:20 [DEBUG] (20) goxlr_daemon::tts: Received TTS Message: Sample B
15:24:22 [DEBUG] (20) goxlr_daemon::device: Handling Button Down: SamplerTopLeft
15:24:22 [DEBUG] (20) goxlr_daemon::device: Handling Sample Button, clear state: false
15:24:22 [DEBUG] (2) goxlr_daemon::device: Handling Button Release: SamplerTopLeft, Has Long Press Handled: false
15:24:24 [DEBUG] (2) goxlr_daemon::device: Handling Button Down: SamplerTopRight
15:24:24 [DEBUG] (2) goxlr_daemon::device: Handling Sample Button, clear state: false
15:24:24 [DEBUG] (54) goxlr_audio::player: Stop Sample: 471914
15:24:24 [DEBUG] (14) goxlr_daemon::device: Handling Button Release: SamplerTopRight, Has Long Press Handled: false
15:24:27 [DEBUG] (20) goxlr_daemon::device: Handling Button Down: SamplerBottomLeft
15:24:27 [DEBUG] (20) goxlr_daemon::device: Handling Sample Button, clear state: false
15:24:28 [DEBUG] (2) goxlr_daemon::device: Handling Button Release: SamplerBottomLeft, Has Long Press Handled: false
15:24:30 [DEBUG] (20) goxlr_daemon::device: Handling Button Down: SamplerBottomRight
15:24:30 [DEBUG] (20) goxlr_daemon::device: Handling Sample Button, clear state: false
15:24:30 [DEBUG] (2) goxlr_daemon::device: Handling Button Release: SamplerBottomRight, Has Long Press Handled: false
15:24:31 [DEBUG] (20) goxlr_daemon::device: Handling Button Down: SamplerSelectC
15:24:31 [DEBUG] (20) goxlr_daemon::device: Handling Button Release: SamplerSelectC, Has Long Press Handled: false
15:24:31 [DEBUG] (20) goxlr_daemon::tts: Received TTS Message: Sample C
15:24:33 [DEBUG] (20) goxlr_daemon::device: Handling Button Down: SamplerSelectB
15:24:33 [DEBUG] (20) goxlr_daemon::device: Handling Button Release: SamplerSelectB, Has Long Press Handled: false
15:24:33 [DEBUG] (20) goxlr_daemon::tts: Received TTS Message: Sample B
15:24:33 [DEBUG] (20) goxlr_daemon::device: Handling Button Down: SamplerBottomRight
15:24:33 [DEBUG] (20) goxlr_daemon::device: Handling Sample Button, clear state: false
15:24:33 [DEBUG] (2) goxlr_daemon::device: Handling Button Release: SamplerBottomRight, Has Long Press Handled: false
15:24:35 [DEBUG] (20) goxlr_daemon::device: Handling Button Down: SamplerBottomLeft
15:24:35 [DEBUG] (20) goxlr_daemon::device: Handling Sample Button, clear state: false
15:24:35 [DEBUG] (2) goxlr_daemon::device: Handling Button Release: SamplerBottomLeft, Has Long Press Handled: false
15:24:36 [DEBUG] (14) goxlr_daemon::device: Handling Button Down: SamplerTopRight
15:24:36 [DEBUG] (14) goxlr_daemon::device: Handling Sample Button, clear state: false
15:24:36 [DEBUG] (59) goxlr_audio::player: Stop Sample: 471914
15:24:36 [DEBUG] (15) goxlr_daemon::device: Handling Button Release: SamplerTopRight, Has Long Press Handled: false
15:24:43 [DEBUG] (20) goxlr_daemon::device: Handling Button Down: SamplerTopLeft
15:24:43 [DEBUG] (20) goxlr_daemon::device: Handling Sample Button, clear state: false
15:24:43 [DEBUG] (15) goxlr_daemon::device: Handling Button Release: SamplerTopLeft, Has Long Press Handled: false
15:24:47 [DEBUG] (2) goxlr_daemon::device: Handling Button Down: SamplerBottomLeft
15:24:47 [DEBUG] (2) goxlr_daemon::device: Handling Sample Button, clear state: false
15:24:47 [DEBUG] (20) goxlr_daemon::device: Handling Button Release: SamplerBottomLeft, Has Long Press Handled: false
15:24:51 [DEBUG] (15) goxlr_daemon::device: Handling Button Down: SamplerBottomLeft
15:24:51 [DEBUG] (15) goxlr_daemon::device: Handling Sample Button, clear state: false
15:24:51 [DEBUG] (2) goxlr_daemon::device: Handling Button Release: SamplerBottomLeft, Has Long Press Handled: false
15:24:54 [DEBUG] (2) goxlr_daemon::device: Handling Button Down: SamplerTopRight
15:24:54 [DEBUG] (2) goxlr_daemon::device: Handling Sample Button, clear state: false
15:24:54 [DEBUG] (63) goxlr_audio::player: Stop Sample: 471914
15:24:54 [DEBUG] (20) goxlr_daemon::device: Handling Button Release: SamplerTopRight, Has Long Press Handled: false
15:24:56 [DEBUG] (15) goxlr_daemon::device: Handling Button Down: SamplerBottomRight
15:24:56 [DEBUG] (15) goxlr_daemon::device: Handling Sample Button, clear state: false
15:24:56 [DEBUG] (20) goxlr_daemon::device: Handling Button Release: SamplerBottomRight, Has Long Press Handled: false
15:25:00 [DEBUG] (2) goxlr_daemon::device: Handling Button Down: SamplerBottomRight
15:25:00 [DEBUG] (2) goxlr_daemon::device: Handling Sample Button, clear state: false
15:25:00 [DEBUG] (15) goxlr_daemon::device: Handling Button Hold: SamplerBottomRight
15:25:01 [DEBUG] (15) goxlr_daemon::device: Handling Button Release: SamplerBottomRight, Has Long Press Handled: true
15:27:28 [DEBUG] (15) goxlr_daemon::settings: Saving Settings
15:27:28 [DEBUG] (15) goxlr_daemon::settings: Creating Temporary Save File: "/home/gaz/.config/goxlr-utility/settings.tmp"
15:27:28 [DEBUG] (15) goxlr_daemon::settings: Save Complete and synced, renaming to "/home/gaz/.config/goxlr-utility/settings.json"
15:27:28 [DEBUG] (15) goxlr_daemon::settings: Target exists, removing..
15:27:28 [DEBUG] (15) goxlr_daemon::settings: Renaming "/home/gaz/.config/goxlr-utility/settings.tmp" to "/home/gaz/.config/goxlr-utility/settings.json"
15:27:28 [DEBUG] (15) goxlr_daemon::settings: Settings Saved.
15:27:32 [DEBUG] (2) goxlr_daemon::settings: Saving Settings
15:27:32 [DEBUG] (2) goxlr_daemon::settings: Creating Temporary Save File: "/home/gaz/.config/goxlr-utility/settings.tmp"
15:27:32 [DEBUG] (2) goxlr_daemon::settings: Save Complete and synced, renaming to "/home/gaz/.config/goxlr-utility/settings.json"
15:27:32 [DEBUG] (2) goxlr_daemon::settings: Target exists, removing..
15:27:32 [DEBUG] (2) goxlr_daemon::settings: Renaming "/home/gaz/.config/goxlr-utility/settings.tmp" to "/home/gaz/.config/goxlr-utility/settings.json"
15:27:32 [DEBUG] (2) goxlr_daemon::settings: Settings Saved.
15:27:36 [DEBUG] (15) goxlr_daemon::settings: Saving Settings
15:27:36 [DEBUG] (15) goxlr_daemon::settings: Creating Temporary Save File: "/home/gaz/.config/goxlr-utility/settings.tmp"
15:27:36 [DEBUG] (15) goxlr_daemon::settings: Save Complete and synced, renaming to "/home/gaz/.config/goxlr-utility/settings.json"
15:27:36 [DEBUG] (15) goxlr_daemon::settings: Target exists, removing..
15:27:36 [DEBUG] (15) goxlr_daemon::settings: Renaming "/home/gaz/.config/goxlr-utility/settings.tmp" to "/home/gaz/.config/goxlr-utility/settings.json"
15:27:36 [DEBUG] (15) goxlr_daemon::settings: Settings Saved.
15:27:46 [DEBUG] (20) goxlr_daemon::settings: Saving Settings
15:27:46 [DEBUG] (20) goxlr_daemon::settings: Creating Temporary Save File: "/home/gaz/.config/goxlr-utility/settings.tmp"
15:27:46 [DEBUG] (20) goxlr_daemon::settings: Save Complete and synced, renaming to "/home/gaz/.config/goxlr-utility/settings.json"
15:27:46 [DEBUG] (20) goxlr_daemon::settings: Target exists, removing..
15:27:46 [DEBUG] (20) goxlr_daemon::settings: Renaming "/home/gaz/.config/goxlr-utility/settings.tmp" to "/home/gaz/.config/goxlr-utility/settings.json"
15:27:46 [DEBUG] (20) goxlr_daemon::settings: Settings Saved.
15:28:05 [DEBUG] (20) goxlr_daemon::settings: Saving Settings
15:28:05 [DEBUG] (20) goxlr_daemon::settings: Creating Temporary Save File: "/home/gaz/.config/goxlr-utility/settings.tmp"
15:28:05 [DEBUG] (20) goxlr_daemon::settings: Save Complete and synced, renaming to "/home/gaz/.config/goxlr-utility/settings.json"
15:28:05 [DEBUG] (20) goxlr_daemon::settings: Target exists, removing..
15:28:05 [DEBUG] (20) goxlr_daemon::settings: Renaming "/home/gaz/.config/goxlr-utility/settings.tmp" to "/home/gaz/.config/goxlr-utility/settings.json"
15:28:05 [DEBUG] (20) goxlr_daemon::settings: Settings Saved.
15:37:45 [DEBUG] (2) goxlr_daemon::device: IsStreamNoMusic: false
15:37:45 [DEBUG] (2) goxlr_daemon::device: IsStreamNoMusic: false
15:37:45 [DEBUG] (2) goxlr_daemon::device: IsStreamNoMusic: false
15:37:45 [DEBUG] (2) goxlr_daemon::device: IsStreamNoMusic: false
15:37:45 [WARN] Channel Mic Sub Volume not synced, fixing..
15:37:45 [DEBUG] (2) goxlr_daemon::device: Setting Sub Mix volume for Mic to 181
15:37:45 [DEBUG] (2) goxlr_daemon::device: Setting Sub Mix volume for LineIn to 128
15:37:45 [DEBUG] (2) goxlr_daemon::device: Setting Sub Mix volume for Console to 128
15:37:45 [DEBUG] (2) goxlr_daemon::device: Setting Sub Mix volume for System to 84
15:37:45 [DEBUG] (2) goxlr_daemon::device: Setting Sub Mix volume for Game to 128
15:37:45 [DEBUG] (2) goxlr_daemon::device: Setting Sub Mix volume for Chat to 116
15:37:45 [DEBUG] (2) goxlr_daemon::device: Setting Sub Mix volume for Sample to 254
15:37:45 [WARN] Channel Music Sub Volume not synced, fixing..
15:37:45 [DEBUG] (2) goxlr_daemon::device: Setting Sub Mix volume for Music to 125
15:37:54 [DEBUG] (2) goxlr_daemon::device: IsStreamNoMusic: false
15:37:54 [DEBUG] (2) goxlr_daemon::device: IsStreamNoMusic: false
15:37:54 [DEBUG] (2) goxlr_daemon::device: IsStreamNoMusic: false
15:37:54 [DEBUG] (2) goxlr_daemon::device: IsStreamNoMusic: false
15:38:04 [DEBUG] (15) goxlr_daemon::device: IsStreamNoMusic: false
15:38:04 [DEBUG] (15) goxlr_daemon::device: IsStreamNoMusic: false
15:38:04 [DEBUG] (15) goxlr_daemon::device: IsStreamNoMusic: false
15:38:04 [DEBUG] (15) goxlr_daemon::device: IsStreamNoMusic: false
15:38:05 [DEBUG] (20) goxlr_daemon::device: IsStreamNoMusic: false
15:38:05 [DEBUG] (20) goxlr_daemon::device: IsStreamNoMusic: false
15:38:05 [DEBUG] (20) goxlr_daemon::device: IsStreamNoMusic: false
15:38:05 [DEBUG] (20) goxlr_daemon::device: IsStreamNoMusic: false
15:38:09 [DEBUG] (2) goxlr_daemon::device: Updating System volume from 84 to 90 as a human moved the fader
15:38:09 [DEBUG] (2) goxlr_daemon::device: Setting Sub Mix volume for System to 90
15:38:09 [DEBUG] (2) goxlr_daemon::device: Updating System volume from 90 to 94 as a human moved the fader
15:38:09 [DEBUG] (2) goxlr_daemon::device: Setting Sub Mix volume for System to 94
15:38:09 [DEBUG] (2) goxlr_daemon::device: Updating System volume from 94 to 98 as a human moved the fader
15:38:09 [DEBUG] (2) goxlr_daemon::device: Setting Sub Mix volume for System to 98
15:38:09 [DEBUG] (2) goxlr_daemon::device: Updating System volume from 98 to 102 as a human moved the fader
15:38:09 [DEBUG] (2) goxlr_daemon::device: Setting Sub Mix volume for System to 102
15:38:09 [DEBUG] (2) goxlr_daemon::device: Updating System volume from 102 to 106 as a human moved the fader
15:38:09 [DEBUG] (2) goxlr_daemon::device: Setting Sub Mix volume for System to 106
15:38:09 [DEBUG] (2) goxlr_daemon::device: Updating System volume from 106 to 113 as a human moved the fader
15:38:09 [DEBUG] (2) goxlr_daemon::device: Setting Sub Mix volume for System to 113
15:38:09 [DEBUG] (2) goxlr_daemon::device: Updating System volume from 113 to 119 as a human moved the fader
15:38:09 [DEBUG] (2) goxlr_daemon::device: Setting Sub Mix volume for System to 119
15:38:09 [DEBUG] (2) goxlr_daemon::device: Updating System volume from 119 to 127 as a human moved the fader
15:38:09 [DEBUG] (2) goxlr_daemon::device: Setting Sub Mix volume for System to 127
15:38:09 [DEBUG] (2) goxlr_daemon::device: Updating System volume from 127 to 133 as a human moved the fader
15:38:09 [DEBUG] (2) goxlr_daemon::device: Setting Sub Mix volume for System to 133
15:38:09 [DEBUG] (2) goxlr_daemon::device: Updating System volume from 133 to 141 as a human moved the fader
15:38:09 [DEBUG] (2) goxlr_daemon::device: Setting Sub Mix volume for System to 141
15:38:09 [DEBUG] (2) goxlr_daemon::device: Updating System volume from 141 to 148 as a human moved the fader
15:38:09 [DEBUG] (2) goxlr_daemon::device: Setting Sub Mix volume for System to 148
15:38:09 [DEBUG] (2) goxlr_daemon::device: Updating System volume from 148 to 152 as a human moved the fader
15:38:09 [DEBUG] (2) goxlr_daemon::device: Setting Sub Mix volume for System to 152
15:38:09 [DEBUG] (2) goxlr_daemon::device: Updating System volume from 152 to 158 as a human moved the fader
15:38:09 [DEBUG] (2) goxlr_daemon::device: Setting Sub Mix volume for System to 158
15:38:09 [DEBUG] (2) goxlr_daemon::device: Updating System volume from 158 to 162 as a human moved the fader
15:38:09 [DEBUG] (2) goxlr_daemon::device: Setting Sub Mix volume for System to 162
15:38:09 [DEBUG] (2) goxlr_daemon::device: Updating System volume from 162 to 166 as a human moved the fader
15:38:09 [DEBUG] (2) goxlr_daemon::device: Setting Sub Mix volume for System to 166
15:38:09 [DEBUG] (2) goxlr_daemon::device: Updating System volume from 166 to 170 as a human moved the fader
15:38:09 [DEBUG] (2) goxlr_daemon::device: Setting Sub Mix volume for System to 170
15:38:09 [DEBUG] (2) goxlr_daemon::device: Updating System volume from 170 to 172 as a human moved the fader
15:38:09 [DEBUG] (2) goxlr_daemon::device: Setting Sub Mix volume for System to 172
15:38:09 [DEBUG] (2) goxlr_daemon::device: Updating System volume from 172 to 168 as a human moved the fader
15:38:09 [DEBUG] (2) goxlr_daemon::device: Setting Sub Mix volume for System to 168
15:38:09 [DEBUG] (2) goxlr_daemon::device: Updating System volume from 168 to 164 as a human moved the fader
15:38:09 [DEBUG] (2) goxlr_daemon::device: Setting Sub Mix volume for System to 164
15:38:09 [DEBUG] (2) goxlr_daemon::device: Updating System volume from 164 to 158 as a human moved the fader
15:38:09 [DEBUG] (2) goxlr_daemon::device: Setting Sub Mix volume for System to 158
15:38:09 [DEBUG] (2) goxlr_daemon::device: Updating System volume from 158 to 152 as a human moved the fader
15:38:09 [DEBUG] (2) goxlr_daemon::device: Setting Sub Mix volume for System to 152
15:38:09 [DEBUG] (2) goxlr_daemon::device: Updating System volume from 152 to 148 as a human moved the fader
15:38:09 [DEBUG] (2) goxlr_daemon::device: Setting Sub Mix volume for System to 148
15:38:09 [DEBUG] (2) goxlr_daemon::device: Updating System volume from 148 to 141 as a human moved the fader
15:38:09 [DEBUG] (2) goxlr_daemon::device: Setting Sub Mix volume for System to 141
15:38:09 [DEBUG] (2) goxlr_daemon::device: Updating System volume from 141 to 135 as a human moved the fader
15:38:09 [DEBUG] (2) goxlr_daemon::device: Setting Sub Mix volume for System to 135
15:38:09 [DEBUG] (2) goxlr_daemon::device: Updating System volume from 135 to 127 as a human moved the fader
15:38:09 [DEBUG] (2) goxlr_daemon::device: Setting Sub Mix volume for System to 127
15:38:09 [DEBUG] (2) goxlr_daemon::device: Updating System volume from 127 to 121 as a human moved the fader
15:38:09 [DEBUG] (2) goxlr_daemon::device: Setting Sub Mix volume for System to 121
15:38:09 [DEBUG] (2) goxlr_daemon::device: Updating System volume from 121 to 115 as a human moved the fader
15:38:09 [DEBUG] (2) goxlr_daemon::device: Setting Sub Mix volume for System to 115
15:38:09 [DEBUG] (2) goxlr_daemon::device: Updating System volume from 115 to 106 as a human moved the fader
15:38:09 [DEBUG] (2) goxlr_daemon::device: Setting Sub Mix volume for System to 106
15:38:09 [DEBUG] (2) goxlr_daemon::device: Updating System volume from 106 to 100 as a human moved the fader
15:38:09 [DEBUG] (2) goxlr_daemon::device: Setting Sub Mix volume for System to 100
15:38:09 [DEBUG] (2) goxlr_daemon::device: Updating System volume from 100 to 96 as a human moved the fader
15:38:09 [DEBUG] (2) goxlr_daemon::device: Setting Sub Mix volume for System to 96
15:38:09 [DEBUG] (2) goxlr_daemon::device: Updating System volume from 96 to 94 as a human moved the fader
15:38:09 [DEBUG] (2) goxlr_daemon::device: Setting Sub Mix volume for System to 94
15:38:09 [DEBUG] (2) goxlr_daemon::device: Updating System volume from 94 to 92 as a human moved the fader
15:38:09 [DEBUG] (2) goxlr_daemon::device: Setting Sub Mix volume for System to 92
15:38:09 [DEBUG] (2) goxlr_daemon::device: Updating System volume from 92 to 94 as a human moved the fader
15:38:09 [DEBUG] (2) goxlr_daemon::device: Setting Sub Mix volume for System to 94
15:38:09 [DEBUG] (2) goxlr_daemon::device: Updating System volume from 94 to 98 as a human moved the fader
15:38:09 [DEBUG] (2) goxlr_daemon::device: Setting Sub Mix volume for System to 98
15:38:09 [DEBUG] (2) goxlr_daemon::device: Updating System volume from 98 to 104 as a human moved the fader
15:38:09 [DEBUG] (2) goxlr_daemon::device: Setting Sub Mix volume for System to 104
15:38:09 [DEBUG] (2) goxlr_daemon::device: Updating System volume from 104 to 111 as a human moved the fader
15:38:09 [DEBUG] (2) goxlr_daemon::device: Setting Sub Mix volume for System to 111
15:38:09 [DEBUG] (2) goxlr_daemon::device: Updating System volume from 111 to 119 as a human moved the fader
15:38:09 [DEBUG] (2) goxlr_daemon::device: Setting Sub Mix volume for System to 119
15:38:09 [DEBUG] (2) goxlr_daemon::device: Updating System volume from 119 to 127 as a human moved the fader
15:38:09 [DEBUG] (2) goxlr_daemon::device: Setting Sub Mix volume for System to 127
15:38:09 [DEBUG] (2) goxlr_daemon::device: Updating System volume from 127 to 133 as a human moved the fader
15:38:09 [DEBUG] (2) goxlr_daemon::device: Setting Sub Mix volume for System to 133
15:38:10 [DEBUG] (2) goxlr_daemon::device: Updating System volume from 133 to 139 as a human moved the fader
15:38:10 [DEBUG] (2) goxlr_daemon::device: Setting Sub Mix volume for System to 139
15:38:10 [DEBUG] (2) goxlr_daemon::device: Updating System volume from 139 to 143 as a human moved the fader
15:38:10 [DEBUG] (2) goxlr_daemon::device: Setting Sub Mix volume for System to 143
15:38:10 [DEBUG] (2) goxlr_daemon::device: Updating System volume from 143 to 150 as a human moved the fader
15:38:10 [DEBUG] (2) goxlr_daemon::device: Setting Sub Mix volume for System to 150
15:38:10 [DEBUG] (2) goxlr_daemon::device: Updating System volume from 150 to 152 as a human moved the fader
15:38:10 [DEBUG] (2) goxlr_daemon::device: Setting Sub Mix volume for System to 152
15:38:10 [DEBUG] (2) goxlr_daemon::device: Updating System volume from 152 to 154 as a human moved the fader
15:38:10 [DEBUG] (2) goxlr_daemon::device: Setting Sub Mix volume for System to 154
15:38:10 [DEBUG] (2) goxlr_daemon::device: Updating System volume from 154 to 156 as a human moved the fader
15:38:10 [DEBUG] (2) goxlr_daemon::device: Setting Sub Mix volume for System to 156
15:38:10 [DEBUG] (2) goxlr_daemon::device: Updating System volume from 156 to 152 as a human moved the fader
15:38:10 [DEBUG] (2) goxlr_daemon::device: Setting Sub Mix volume for System to 152
15:38:10 [DEBUG] (2) goxlr_daemon::device: Updating System volume from 152 to 148 as a human moved the fader
15:38:10 [DEBUG] (2) goxlr_daemon::device: Setting Sub Mix volume for System to 148
15:38:10 [DEBUG] (2) goxlr_daemon::device: Updating System volume from 148 to 139 as a human moved the fader
15:38:10 [DEBUG] (2) goxlr_daemon::device: Setting Sub Mix volume for System to 139
15:38:10 [DEBUG] (15) goxlr_daemon::device: Updating System volume from 139 to 133 as a human moved the fader
15:38:10 [DEBUG] (15) goxlr_daemon::device: Setting Sub Mix volume for System to 133
15:38:10 [DEBUG] (15) goxlr_daemon::device: Updating System volume from 133 to 125 as a human moved the fader
15:38:10 [DEBUG] (15) goxlr_daemon::device: Setting Sub Mix volume for System to 125
15:38:10 [DEBUG] (15) goxlr_daemon::device: Updating System volume from 125 to 117 as a human moved the fader
15:38:10 [DEBUG] (15) goxlr_daemon::device: Setting Sub Mix volume for System to 117
15:38:10 [DEBUG] (15) goxlr_daemon::device: Updating System volume from 117 to 108 as a human moved the fader
15:38:10 [DEBUG] (15) goxlr_daemon::device: Setting Sub Mix volume for System to 108
15:38:10 [DEBUG] (15) goxlr_daemon::device: Updating System volume from 108 to 100 as a human moved the fader
15:38:10 [DEBUG] (15) goxlr_daemon::device: Setting Sub Mix volume for System to 100
15:38:10 [DEBUG] (15) goxlr_daemon::device: Updating System volume from 100 to 92 as a human moved the fader
15:38:10 [DEBUG] (15) goxlr_daemon::device: Setting Sub Mix volume for System to 92
15:38:10 [DEBUG] (15) goxlr_daemon::device: Updating System volume from 92 to 88 as a human moved the fader
15:38:10 [DEBUG] (15) goxlr_daemon::device: Setting Sub Mix volume for System to 88
15:38:10 [DEBUG] (15) goxlr_daemon::device: Updating System volume from 88 to 86 as a human moved the fader
15:38:10 [DEBUG] (15) goxlr_daemon::device: Setting Sub Mix volume for System to 86
15:38:10 [DEBUG] (15) goxlr_daemon::device: Updating System volume from 86 to 90 as a human moved the fader
15:38:10 [DEBUG] (15) goxlr_daemon::device: Setting Sub Mix volume for System to 90
15:38:10 [DEBUG] (15) goxlr_daemon::device: Updating System volume from 90 to 94 as a human moved the fader
15:38:10 [DEBUG] (15) goxlr_daemon::device: Setting Sub Mix volume for System to 94
15:38:10 [DEBUG] (15) goxlr_daemon::device: Updating System volume from 94 to 102 as a human moved the fader
15:38:10 [DEBUG] (15) goxlr_daemon::device: Setting Sub Mix volume for System to 102
15:38:10 [DEBUG] (15) goxlr_daemon::device: Updating System volume from 102 to 106 as a human moved the fader
15:38:10 [DEBUG] (15) goxlr_daemon::device: Setting Sub Mix volume for System to 106
15:38:10 [DEBUG] (15) goxlr_daemon::device: Updating System volume from 106 to 111 as a human moved the fader
15:38:10 [DEBUG] (15) goxlr_daemon::device: Setting Sub Mix volume for System to 111
15:38:10 [DEBUG] (15) goxlr_daemon::device: Updating System volume from 111 to 113 as a human moved the fader
15:38:10 [DEBUG] (15) goxlr_daemon::device: Setting Sub Mix volume for System to 113
15:38:10 [DEBUG] (2) goxlr_daemon::device: Updating System volume from 113 to 115 as a human moved the fader
15:38:10 [DEBUG] (2) goxlr_daemon::device: Setting Sub Mix volume for System to 115
15:38:10 [DEBUG] (2) goxlr_daemon::device: Updating System volume from 115 to 113 as a human moved the fader
15:38:10 [DEBUG] (2) goxlr_daemon::device: Setting Sub Mix volume for System to 113
15:38:10 [DEBUG] (2) goxlr_daemon::device: Updating System volume from 113 to 111 as a human moved the fader
15:38:10 [DEBUG] (2) goxlr_daemon::device: Setting Sub Mix volume for System to 111
15:38:10 [DEBUG] (2) goxlr_daemon::device: Updating System volume from 111 to 106 as a human moved the fader
15:38:10 [DEBUG] (2) goxlr_daemon::device: Setting Sub Mix volume for System to 106
15:38:10 [DEBUG] (2) goxlr_daemon::device: Updating System volume from 106 to 105 as a human moved the fader
15:38:10 [DEBUG] (2) goxlr_daemon::device: Setting Sub Mix volume for System to 105
15:38:16 [DEBUG] (20) goxlr_daemon::device: Updating System volume from 105 to 112 as a human moved the fader
15:38:16 [DEBUG] (20) goxlr_daemon::device: Updating System volume from 112 to 116 as a human moved the fader
15:38:16 [DEBUG] (20) goxlr_daemon::device: Updating System volume from 116 to 122 as a human moved the fader
15:38:16 [DEBUG] (20) goxlr_daemon::device: Updating System volume from 122 to 126 as a human moved the fader
15:38:16 [DEBUG] (20) goxlr_daemon::device: Updating System volume from 126 to 132 as a human moved the fader
15:38:16 [DEBUG] (20) goxlr_daemon::device: Updating System volume from 132 to 136 as a human moved the fader
15:38:16 [DEBUG] (20) goxlr_daemon::device: Updating System volume from 136 to 140 as a human moved the fader
15:38:16 [DEBUG] (20) goxlr_daemon::device: Updating System volume from 140 to 147 as a human moved the fader
15:38:16 [DEBUG] (20) goxlr_daemon::device: Updating System volume from 147 to 153 as a human moved the fader
15:38:16 [DEBUG] (20) goxlr_daemon::device: Updating System volume from 153 to 159 as a human moved the fader
15:38:16 [DEBUG] (20) goxlr_daemon::device: Updating System volume from 159 to 165 as a human moved the fader
15:38:16 [DEBUG] (20) goxlr_daemon::device: Updating System volume from 165 to 171 as a human moved the fader
15:38:16 [DEBUG] (2) goxlr_daemon::device: Updating System volume from 171 to 175 as a human moved the fader
15:38:16 [DEBUG] (2) goxlr_daemon::device: Updating System volume from 175 to 179 as a human moved the fader
15:38:16 [DEBUG] (2) goxlr_daemon::device: Updating System volume from 179 to 186 as a human moved the fader
15:38:17 [DEBUG] (2) goxlr_daemon::device: Updating System volume from 186 to 190 as a human moved the fader
15:38:17 [DEBUG] (2) goxlr_daemon::device: Updating System volume from 190 to 192 as a human moved the fader
15:38:17 [DEBUG] (2) goxlr_daemon::device: Updating System volume from 192 to 196 as a human moved the fader
15:38:17 [DEBUG] (2) goxlr_daemon::device: Updating System volume from 196 to 200 as a human moved the fader
15:38:17 [DEBUG] (2) goxlr_daemon::device: Updating System volume from 200 to 204 as a human moved the fader
15:38:17 [DEBUG] (2) goxlr_daemon::device: Updating System volume from 204 to 206 as a human moved the fader
15:38:17 [DEBUG] (2) goxlr_daemon::device: Updating System volume from 206 to 210 as a human moved the fader
15:38:17 [DEBUG] (2) goxlr_daemon::device: Updating System volume from 210 to 214 as a human moved the fader
15:38:17 [DEBUG] (2) goxlr_daemon::device: Updating System volume from 214 to 216 as a human moved the fader
15:38:17 [DEBUG] (2) goxlr_daemon::device: Updating System volume from 216 to 219 as a human moved the fader
15:38:17 [DEBUG] (2) goxlr_daemon::device: Updating System volume from 219 to 216 as a human moved the fader
15:38:17 [DEBUG] (2) goxlr_daemon::device: Updating System volume from 216 to 210 as a human moved the fader
15:38:17 [DEBUG] (2) goxlr_daemon::device: Updating System volume from 210 to 204 as a human moved the fader
15:38:17 [DEBUG] (2) goxlr_daemon::device: Updating System volume from 204 to 194 as a human moved the fader
15:38:17 [DEBUG] (2) goxlr_daemon::device: Updating System volume from 194 to 186 as a human moved the fader
15:38:17 [DEBUG] (2) goxlr_daemon::device: Updating System volume from 186 to 173 as a human moved the fader
15:38:17 [DEBUG] (2) goxlr_daemon::device: Updating System volume from 173 to 163 as a human moved the fader
15:38:17 [DEBUG] (2) goxlr_daemon::device: Updating System volume from 163 to 151 as a human moved the fader
15:38:17 [DEBUG] (2) goxlr_daemon::device: Updating System volume from 151 to 140 as a human moved the fader
15:38:17 [DEBUG] (2) goxlr_daemon::device: Updating System volume from 140 to 130 as a human moved the fader
15:38:17 [DEBUG] (2) goxlr_daemon::device: Updating System volume from 130 to 122 as a human moved the fader
15:38:17 [DEBUG] (2) goxlr_daemon::device: Updating System volume from 122 to 114 as a human moved the fader
15:38:17 [DEBUG] (2) goxlr_daemon::device: Updating System volume from 114 to 110 as a human moved the fader
15:38:17 [DEBUG] (2) goxlr_daemon::device: Updating System volume from 110 to 107 as a human moved the fader
15:38:17 [DEBUG] (2) goxlr_daemon::device: Updating System volume from 107 to 106 as a human moved the fader
15:38:18 [DEBUG] (20) goxlr_daemon::device: Handling Button Down: SamplerSelectA
15:38:18 [DEBUG] (2) goxlr_daemon::device: Handling Button Release: SamplerSelectA, Has Long Press Handled: false
15:38:18 [DEBUG] (2) goxlr_daemon::tts: Received TTS Message: Sample A
15:38:19 [DEBUG] (2) goxlr_daemon::device: Updating System volume from 106 to 101 as a human moved the fader
15:38:19 [DEBUG] (2) goxlr_daemon::device: Updating System volume from 101 to 97 as a human moved the fader
15:38:19 [DEBUG] (20) goxlr_daemon::device: Updating System volume from 97 to 91 as a human moved the fader
15:38:19 [DEBUG] (20) goxlr_daemon::device: Updating System volume from 91 to 85 as a human moved the fader
15:38:19 [DEBUG] (20) goxlr_daemon::device: Updating System volume from 85 to 81 as a human moved the fader
15:38:19 [DEBUG] (20) goxlr_daemon::device: Updating System volume from 81 to 75 as a human moved the fader
15:38:19 [DEBUG] (20) goxlr_daemon::device: Updating System volume from 75 to 68 as a human moved the fader
15:38:19 [DEBUG] (20) goxlr_daemon::device: Updating System volume from 68 to 64 as a human moved the fader
15:38:19 [DEBUG] (20) goxlr_daemon::device: Updating System volume from 64 to 58 as a human moved the fader
15:38:19 [DEBUG] (20) goxlr_daemon::device: Updating System volume from 58 to 52 as a human moved the fader
15:38:19 [DEBUG] (20) goxlr_daemon::device: Updating System volume from 52 to 48 as a human moved the fader
15:38:19 [DEBUG] (20) goxlr_daemon::device: Updating System volume from 48 to 42 as a human moved the fader
15:38:19 [DEBUG] (20) goxlr_daemon::device: Updating System volume from 42 to 38 as a human moved the fader
15:38:19 [DEBUG] (20) goxlr_daemon::device: Updating System volume from 38 to 40 as a human moved the fader
15:38:19 [DEBUG] (20) goxlr_daemon::device: Updating System volume from 40 to 46 as a human moved the fader
15:38:19 [DEBUG] (20) goxlr_daemon::device: Updating System volume from 46 to 56 as a human moved the fader
15:38:19 [DEBUG] (20) goxlr_daemon::device: Updating System volume from 56 to 66 as a human moved the fader
15:38:19 [DEBUG] (20) goxlr_daemon::device: Updating System volume from 66 to 77 as a human moved the fader
15:38:19 [DEBUG] (20) goxlr_daemon::device: Updating System volume from 77 to 87 as a human moved the fader
15:38:19 [DEBUG] (20) goxlr_daemon::device: Updating System volume from 87 to 99 as a human moved the fader
15:38:19 [DEBUG] (20) goxlr_daemon::device: Updating System volume from 99 to 107 as a human moved the fader
15:38:19 [DEBUG] (20) goxlr_daemon::device: Updating System volume from 107 to 116 as a human moved the fader
15:38:19 [DEBUG] (20) goxlr_daemon::device: Updating System volume from 116 to 122 as a human moved the fader
15:38:19 [DEBUG] (20) goxlr_daemon::device: Updating System volume from 122 to 124 as a human moved the fader
15:38:19 [DEBUG] (20) goxlr_daemon::device: Updating System volume from 124 to 126 as a human moved the fader
15:38:20 [DEBUG] (20) goxlr_daemon::device: Updating System volume from 126 to 125 as a human moved the fader
15:38:20 [DEBUG] (2) goxlr_daemon::device: Handling Button Down: SamplerSelectB
15:38:20 [DEBUG] (2) goxlr_daemon::device: Handling Button Release: SamplerSelectB, Has Long Press Handled: false
15:38:20 [DEBUG] (2) goxlr_daemon::tts: Received TTS Message: Sample B
15:38:21 [DEBUG] (20) goxlr_daemon::device: Updating System volume from 125 to 131 as a human moved the fader
15:38:21 [DEBUG] (20) goxlr_daemon::device: Updating System volume from 131 to 135 as a human moved the fader
15:38:21 [DEBUG] (20) goxlr_daemon::device: Updating System volume from 135 to 139 as a human moved the fader
15:38:21 [DEBUG] (20) goxlr_daemon::device: Updating System volume from 139 to 141 as a human moved the fader
15:38:21 [DEBUG] (2) goxlr_daemon::device: Updating System volume from 141 to 139 as a human moved the fader
15:38:21 [DEBUG] (2) goxlr_daemon::device: Updating System volume from 139 to 133 as a human moved the fader
15:38:21 [DEBUG] (2) goxlr_daemon::device: Updating System volume from 133 to 123 as a human moved the fader
15:38:21 [DEBUG] (2) goxlr_daemon::device: Updating System volume from 123 to 111 as a human moved the fader
15:38:21 [DEBUG] (2) goxlr_daemon::device: Updating System volume from 111 to 98 as a human moved the fader
15:38:21 [DEBUG] (2) goxlr_daemon::device: Updating System volume from 98 to 84 as a human moved the fader
15:38:21 [DEBUG] (2) goxlr_daemon::device: Updating System volume from 84 to 69 as a human moved the fader
15:38:21 [DEBUG] (2) goxlr_daemon::device: Updating System volume from 69 to 57 as a human moved the fader
15:38:21 [DEBUG] (2) goxlr_daemon::device: Updating System volume from 57 to 47 as a human moved the fader
15:38:21 [DEBUG] (20) goxlr_daemon::device: Updating System volume from 47 to 43 as a human moved the fader
15:38:21 [DEBUG] (2) goxlr_daemon::device: Updating System volume from 43 to 41 as a human moved the fader
15:38:21 [DEBUG] (2) goxlr_daemon::device: Updating System volume from 41 to 47 as a human moved the fader
15:38:21 [DEBUG] (2) goxlr_daemon::device: Updating System volume from 47 to 57 as a human moved the fader
15:38:21 [DEBUG] (2) goxlr_daemon::device: Updating System volume from 57 to 71 as a human moved the fader
15:38:21 [DEBUG] (2) goxlr_daemon::device: Updating System volume from 71 to 86 as a human moved the fader
15:38:21 [DEBUG] (2) goxlr_daemon::device: Updating System volume from 86 to 100 as a human moved the fader
15:38:21 [DEBUG] (2) goxlr_daemon::device: Updating System volume from 100 to 115 as a human moved the fader
15:38:21 [DEBUG] (2) goxlr_daemon::device: Updating System volume from 115 to 129 as a human moved the fader
15:38:21 [DEBUG] (2) goxlr_daemon::device: Updating System volume from 129 to 141 as a human moved the fader
15:38:21 [DEBUG] (2) goxlr_daemon::device: Updating System volume from 141 to 150 as a human moved the fader
15:38:21 [DEBUG] (2) goxlr_daemon::device: Updating System volume from 150 to 156 as a human moved the fader
15:38:21 [DEBUG] (2) goxlr_daemon::device: Updating System volume from 156 to 158 as a human moved the fader
15:38:22 [DEBUG] (2) goxlr_daemon::device: Handling Button Down: SamplerSelectB
15:38:23 [DEBUG] (20) goxlr_daemon::device: Handling Button Hold: SamplerSelectB
15:38:24 [DEBUG] (2) goxlr_daemon::device: Handling Button Release: SamplerSelectB, Has Long Press Handled: true
15:38:24 [DEBUG] (2) goxlr_daemon::tts: Received TTS Message: Sample B
15:38:25 [DEBUG] (20) goxlr_daemon::device: Updating System volume from 158 to 155 as a human moved the fader
15:38:25 [DEBUG] (20) goxlr_daemon::device: Updating System volume from 155 to 151 as a human moved the fader
15:38:25 [DEBUG] (20) goxlr_daemon::device: Updating System volume from 151 to 144 as a human moved the fader
15:38:25 [DEBUG] (20) goxlr_daemon::device: Updating System volume from 144 to 136 as a human moved the fader
15:38:25 [DEBUG] (20) goxlr_daemon::device: Updating System volume from 136 to 130 as a human moved the fader
15:38:25 [DEBUG] (20) goxlr_daemon::device: Updating System volume from 130 to 124 as a human moved the fader
15:38:25 [DEBUG] (20) goxlr_daemon::device: Updating System volume from 124 to 122 as a human moved the fader
15:38:25 [DEBUG] (20) goxlr_daemon::device: Updating System volume from 122 to 118 as a human moved the fader
15:38:25 [DEBUG] (20) goxlr_daemon::device: Updating System volume from 118 to 124 as a human moved the fader
15:38:25 [DEBUG] (20) goxlr_daemon::device: Updating System volume from 124 to 134 as a human moved the fader
15:38:25 [DEBUG] (20) goxlr_daemon::device: Updating System volume from 134 to 147 as a human moved the fader
15:38:25 [DEBUG] (20) goxlr_daemon::device: Updating System volume from 147 to 157 as a human moved the fader
15:38:25 [DEBUG] (20) goxlr_daemon::device: Updating System volume from 157 to 165 as a human moved the fader
15:38:25 [DEBUG] (20) goxlr_daemon::device: Updating System volume from 165 to 161 as a human moved the fader
15:38:25 [DEBUG] (20) goxlr_daemon::device: Updating System volume from 161 to 151 as a human moved the fader
15:38:25 [DEBUG] (20) goxlr_daemon::device: Updating System volume from 151 to 134 as a human moved the fader
15:38:25 [DEBUG] (20) goxlr_daemon::device: Updating System volume from 134 to 117 as a human moved the fader
15:38:25 [DEBUG] (20) goxlr_daemon::device: Updating System volume from 117 to 106 as a human moved the fader
15:38:25 [DEBUG] (20) goxlr_daemon::device: Updating System volume from 106 to 102 as a human moved the fader
15:38:25 [DEBUG] (20) goxlr_daemon::device: Updating System volume from 102 to 104 as a human moved the fader
15:38:25 [DEBUG] (20) goxlr_daemon::device: Updating System volume from 104 to 113 as a human moved the fader
15:38:25 [DEBUG] (20) goxlr_daemon::device: Updating System volume from 113 to 123 as a human moved the fader
15:38:25 [DEBUG] (20) goxlr_daemon::device: Updating System volume from 123 to 131 as a human moved the fader
15:38:25 [DEBUG] (20) goxlr_daemon::device: Updating System volume from 131 to 133 as a human moved the fader
15:39:34 [DEBUG] (20) goxlr_daemon::device: Updating Music volume from 125 to 129 as a human moved the fader
15:39:34 [DEBUG] (20) goxlr_daemon::device: Setting Sub Mix volume for Music to 129
15:39:34 [DEBUG] (20) goxlr_daemon::device: Updating Music volume from 129 to 131 as a human moved the fader
15:39:34 [DEBUG] (20) goxlr_daemon::device: Setting Sub Mix volume for Music to 131
15:39:34 [DEBUG] (20) goxlr_daemon::device: Updating Music volume from 131 to 133 as a human moved the fader
15:39:34 [DEBUG] (20) goxlr_daemon::device: Setting Sub Mix volume for Music to 133
15:39:34 [DEBUG] (20) goxlr_daemon::device: Updating Music volume from 133 to 135 as a human moved the fader
15:39:34 [DEBUG] (20) goxlr_daemon::device: Setting Sub Mix volume for Music to 135
15:39:34 [DEBUG] (20) goxlr_daemon::device: Updating Music volume from 135 to 139 as a human moved the fader
15:39:34 [DEBUG] (20) goxlr_daemon::device: Setting Sub Mix volume for Music to 139
15:39:34 [DEBUG] (20) goxlr_daemon::device: Updating Music volume from 139 to 143 as a human moved the fader
15:39:34 [DEBUG] (20) goxlr_daemon::device: Setting Sub Mix volume for Music to 143
15:39:34 [DEBUG] (20) goxlr_daemon::device: Updating Music volume from 143 to 146 as a human moved the fader
15:39:34 [DEBUG] (20) goxlr_daemon::device: Setting Sub Mix volume for Music to 146
15:39:34 [DEBUG] (20) goxlr_daemon::device: Updating Music volume from 146 to 150 as a human moved the fader
15:39:34 [DEBUG] (20) goxlr_daemon::device: Setting Sub Mix volume for Music to 150
15:39:34 [DEBUG] (20) goxlr_daemon::device: Updating Music volume from 150 to 154 as a human moved the fader
15:39:34 [DEBUG] (20) goxlr_daemon::device: Setting Sub Mix volume for Music to 154
15:39:34 [DEBUG] (20) goxlr_daemon::device: Updating Music volume from 154 to 160 as a human moved the fader
15:39:34 [DEBUG] (20) goxlr_daemon::device: Setting Sub Mix volume for Music to 160
15:39:34 [DEBUG] (20) goxlr_daemon::device: Updating Music volume from 160 to 164 as a human moved the fader
15:39:34 [DEBUG] (20) goxlr_daemon::device: Setting Sub Mix volume for Music to 164
15:39:34 [DEBUG] (20) goxlr_daemon::device: Updating Music volume from 164 to 170 as a human moved the fader
15:39:34 [DEBUG] (20) goxlr_daemon::device: Setting Sub Mix volume for Music to 170
15:39:34 [DEBUG] (20) goxlr_daemon::device: Updating Music volume from 170 to 172 as a human moved the fader
15:39:34 [DEBUG] (20) goxlr_daemon::device: Setting Sub Mix volume for Music to 172
15:39:34 [DEBUG] (20) goxlr_daemon::device: Updating Music volume from 172 to 176 as a human moved the fader
15:39:34 [DEBUG] (20) goxlr_daemon::device: Setting Sub Mix volume for Music to 176
15:39:34 [DEBUG] (20) goxlr_daemon::device: Updating Music volume from 176 to 183 as a human moved the fader
15:39:34 [DEBUG] (20) goxlr_daemon::device: Setting Sub Mix volume for Music to 183
15:39:34 [DEBUG] (20) goxlr_daemon::device: Updating Music volume from 183 to 187 as a human moved the fader
15:39:34 [DEBUG] (20) goxlr_daemon::device: Setting Sub Mix volume for Music to 187
15:39:34 [DEBUG] (20) goxlr_daemon::device: Updating Music volume from 187 to 191 as a human moved the fader
15:39:34 [DEBUG] (20) goxlr_daemon::device: Setting Sub Mix volume for Music to 191
15:39:34 [DEBUG] (20) goxlr_daemon::device: Updating Music volume from 191 to 195 as a human moved the fader
15:39:34 [DEBUG] (20) goxlr_daemon::device: Setting Sub Mix volume for Music to 195
15:39:34 [DEBUG] (20) goxlr_daemon::device: Updating Music volume from 195 to 199 as a human moved the fader
15:39:34 [DEBUG] (20) goxlr_daemon::device: Setting Sub Mix volume for Music to 199
15:39:35 [DEBUG] (20) goxlr_daemon::device: Updating Music volume from 199 to 203 as a human moved the fader
15:39:35 [DEBUG] (20) goxlr_daemon::device: Setting Sub Mix volume for Music to 203
15:39:35 [DEBUG] (20) goxlr_daemon::device: Updating Music volume from 203 to 207 as a human moved the fader
15:39:35 [DEBUG] (20) goxlr_daemon::device: Setting Sub Mix volume for Music to 207
15:39:35 [DEBUG] (20) goxlr_daemon::device: Updating Music volume from 207 to 211 as a human moved the fader
15:39:35 [DEBUG] (20) goxlr_daemon::device: Setting Sub Mix volume for Music to 211
15:39:35 [DEBUG] (20) goxlr_daemon::device: Updating Music volume from 211 to 215 as a human moved the fader
15:39:35 [DEBUG] (20) goxlr_daemon::device: Setting Sub Mix volume for Music to 215
15:39:35 [DEBUG] (20) goxlr_daemon::device: Updating Music volume from 215 to 217 as a human moved the fader
15:39:35 [DEBUG] (20) goxlr_daemon::device: Setting Sub Mix volume for Music to 217
15:39:35 [DEBUG] (20) goxlr_daemon::device: Updating Music volume from 217 to 220 as a human moved the fader
15:39:35 [DEBUG] (20) goxlr_daemon::device: Setting Sub Mix volume for Music to 220
15:39:35 [DEBUG] (20) goxlr_daemon::device: Updating Music volume from 220 to 224 as a human moved the fader
15:39:35 [DEBUG] (20) goxlr_daemon::device: Setting Sub Mix volume for Music to 224
15:39:35 [DEBUG] (20) goxlr_daemon::device: Updating Music volume from 224 to 228 as a human moved the fader
15:39:35 [DEBUG] (20) goxlr_daemon::device: Setting Sub Mix volume for Music to 228
15:39:35 [DEBUG] (20) goxlr_daemon::device: Updating Music volume from 228 to 230 as a human moved the fader
15:39:35 [DEBUG] (20) goxlr_daemon::device: Setting Sub Mix volume for Music to 230
15:39:35 [DEBUG] (20) goxlr_daemon::device: Updating Music volume from 230 to 234 as a human moved the fader
15:39:35 [DEBUG] (20) goxlr_daemon::device: Setting Sub Mix volume for Music to 234
15:39:35 [DEBUG] (20) goxlr_daemon::device: Updating Music volume from 234 to 236 as a human moved the fader
15:39:35 [DEBUG] (20) goxlr_daemon::device: Setting Sub Mix volume for Music to 236
15:39:35 [DEBUG] (20) goxlr_daemon::device: Updating Music volume from 236 to 240 as a human moved the fader
15:39:35 [DEBUG] (20) goxlr_daemon::device: Setting Sub Mix volume for Music to 240
15:39:35 [DEBUG] (20) goxlr_daemon::device: Updating Music volume from 240 to 244 as a human moved the fader
15:39:35 [DEBUG] (20) goxlr_daemon::device: Setting Sub Mix volume for Music to 244
15:39:35 [DEBUG] (20) goxlr_daemon::device: Updating Music volume from 244 to 246 as a human moved the fader
15:39:35 [DEBUG] (20) goxlr_daemon::device: Setting Sub Mix volume for Music to 246
15:39:35 [DEBUG] (20) goxlr_daemon::device: Updating Music volume from 246 to 250 as a human moved the fader
15:39:35 [DEBUG] (20) goxlr_daemon::device: Setting Sub Mix volume for Music to 250
15:39:35 [DEBUG] (20) goxlr_daemon::device: Updating Music volume from 250 to 255 as a human moved the fader
15:39:35 [DEBUG] (20) goxlr_daemon::device: Setting Sub Mix volume for Music to 255
15:39:36 [DEBUG] (15) goxlr_daemon::device: Updating Music volume from 255 to 250 as a human moved the fader
15:39:36 [DEBUG] (15) goxlr_daemon::device: Setting Sub Mix volume for Music to 250
15:39:36 [DEBUG] (15) goxlr_daemon::device: Updating Music volume from 250 to 246 as a human moved the fader
15:39:36 [DEBUG] (15) goxlr_daemon::device: Setting Sub Mix volume for Music to 246
15:39:36 [DEBUG] (15) goxlr_daemon::device: Updating Music volume from 246 to 240 as a human moved the fader
15:39:36 [DEBUG] (15) goxlr_daemon::device: Setting Sub Mix volume for Music to 240
15:39:36 [DEBUG] (15) goxlr_daemon::device: Updating Music volume from 240 to 236 as a human moved the fader
15:39:36 [DEBUG] (15) goxlr_daemon::device: Setting Sub Mix volume for Music to 236
15:39:36 [DEBUG] (15) goxlr_daemon::device: Updating Music volume from 236 to 228 as a human moved the fader
15:39:36 [DEBUG] (15) goxlr_daemon::device: Setting Sub Mix volume for Music to 228
15:39:36 [DEBUG] (15) goxlr_daemon::device: Updating Music volume from 228 to 220 as a human moved the fader
15:39:36 [DEBUG] (15) goxlr_daemon::device: Setting Sub Mix volume for Music to 220
15:39:36 [DEBUG] (15) goxlr_daemon::device: Updating Music volume from 220 to 211 as a human moved the fader
15:39:36 [DEBUG] (15) goxlr_daemon::device: Setting Sub Mix volume for Music to 211
15:39:36 [DEBUG] (15) goxlr_daemon::device: Updating Music volume from 211 to 207 as a human moved the fader
15:39:36 [DEBUG] (15) goxlr_daemon::device: Setting Sub Mix volume for Music to 207
15:39:36 [DEBUG] (15) goxlr_daemon::device: Updating Music volume from 207 to 203 as a human moved the fader
15:39:36 [DEBUG] (15) goxlr_daemon::device: Setting Sub Mix volume for Music to 203
15:39:36 [DEBUG] (15) goxlr_daemon::device: Updating Music volume from 203 to 201 as a human moved the fader
15:39:36 [DEBUG] (15) goxlr_daemon::device: Setting Sub Mix volume for Music to 201
15:39:36 [DEBUG] (15) goxlr_daemon::device: Updating Music volume from 201 to 199 as a human moved the fader
15:39:36 [DEBUG] (15) goxlr_daemon::device: Setting Sub Mix volume for Music to 199
15:39:36 [DEBUG] (15) goxlr_daemon::device: Updating Music volume from 199 to 195 as a human moved the fader
15:39:36 [DEBUG] (15) goxlr_daemon::device: Setting Sub Mix volume for Music to 195
15:58:46 [DEBUG] (14) goxlr_daemon::platform::unix: TERM Signal Received, Triggering STOP
15:58:46 [DEBUG] (14) goxlr_daemon::platform::unix: Platform Runtime Ended
15:58:46 [DEBUG] (14) goxlr_daemon::events: Shutdown Phase 1 Triggered..
15:58:46 [DEBUG] (14) goxlr_daemon::device: Shutting Down Device: S200600408CQK
15:58:46 [DEBUG] (14) goxlr_daemon::device: SaveProfile
15:58:46 [DEBUG] (14) goxlr_profile_loader::profile: Creating Temporary Save File: "/home/gaz/.local/share/goxlr-utility/profiles/Default.tmp"
15:58:46 [DEBUG] (14) goxlr_profile_loader::profile: Save Complete and synced, renaming to "/home/gaz/.local/share/goxlr-utility/profiles/Default.goxlr"
15:58:46 [DEBUG] (14) goxlr_profile_loader::profile: Target profile exists, removing..
15:58:46 [DEBUG] (14) goxlr_profile_loader::profile: Renaming "/home/gaz/.local/share/goxlr-utility/profiles/Default.tmp" to "/home/gaz/.local/share/goxlr-utility/profiles/Default.goxlr"
15:58:46 [DEBUG] (14) goxlr_daemon::device: SaveMicProfile
15:58:46 [DEBUG] (14) goxlr_profile_loader::mic_profile: Creating Temporary Save File: "/home/gaz/.local/share/goxlr-utility/mic-profiles/DEFAULT-custom.tmp"
15:58:46 [WARN] Error Reading audio input: Connection terminated
15:58:46 [DEBUG] (47) goxlr_audio::recorder: Shutting down input, and clearing buffer.
15:58:46 [DEBUG] (14) goxlr_profile_loader::mic_profile: Save Complete and synced, renaming to "/home/gaz/.local/share/goxlr-utility/mic-profiles/DEFAULT-custom.goxlrMicProfile"
15:58:46 [DEBUG] (14) goxlr_profile_loader::mic_profile: Target mic profile exists, removing..
15:58:46 [DEBUG] (14) goxlr_profile_loader::mic_profile: Renaming "/home/gaz/.local/share/goxlr-utility/mic-profiles/DEFAULT-custom.tmp" to "/home/gaz/.local/share/goxlr-utility/mic-profiles/DEFAULT-custom.goxlrMicProfile"
15:58:46 [DEBUG] (14) goxlr_daemon::device: LoadProfile("Default", false)
15:58:46 [DEBUG] (14) goxlr_daemon::profile: Loading Profile From /home/gaz/.local/share/goxlr-utility/profiles/Default.goxlr
15:58:46 [DEBUG] (14) goxlr_profile_loader::profile: Loading Profile Archive..
15:58:46 [DEBUG] (14) goxlr_profile_loader::profile: Attempting to read profile.xml..
15:58:46 [DEBUG] (14) goxlr_profile_loader::profile: Preparing Structure..
15:58:46 [DEBUG] (14) goxlr_profile_loader::profile: MixRoutingTree { mix: {Headphones: A, Broadcast: B, LineOut: A, ChatMic: A, Sampler: A, StreamMix2: A} }
15:58:46 [DEBUG] (14) goxlr_profile_loader::profile: SubMixer { submix_enabled: true, volume_table: {Mic: 181, Chat: 116, Music: 195, Game: 128, Console: 128, LineIn: 128, System: 105, Sample: 254}, monitor_tree: MonitorTree { monitored_output: Headphones, headphone_mix: A, routing: {Mic: 8192, Chat: 8192, Music: 8192, Game: 8192, Console: 8192, LineIn: 8192, System: 8192, Sample: 8192} }, linking_tree: LinkingTree { linked_list: {Mic: true, Chat: true, Music: true, Game: true, Console: true, LineIn: true, System: false, Sample: true}, linked_ratio: {Mic: 1.0, Chat: 1.0, Music: 1.0, Game: 1.0, Console: 1.0, LineIn: 1.0, System: 1.0, Sample: 1.0} } }
15:58:46 [DEBUG] (14) goxlr_daemon::device: Applying Profile..
15:58:46 [DEBUG] (14) goxlr_daemon::device: Setting Faders..
15:58:46 [DEBUG] (14) goxlr_daemon::device: Setting Fader A to Mic
15:58:46 [DEBUG] (14) goxlr_daemon::device: Setting Fader B to Music
15:58:46 [DEBUG] (14) goxlr_daemon::device: Setting Fader C to Chat
15:58:46 [DEBUG] (14) goxlr_daemon::device: Setting Fader D to System
15:58:46 [DEBUG] (14) goxlr_daemon::device: Setting Mute States..
15:58:46 [DEBUG] (14) goxlr_daemon::device: Applying Microphone Mute State
15:58:46 [DEBUG] (14) goxlr_daemon::device: Setting Mic to Unmuted
15:58:46 [DEBUG] (14) goxlr_daemon::device: Channel System on Fader, Loading State from Profile
15:58:46 [DEBUG] (14) goxlr_daemon::device: Channel D already Unmuted, doing nothing.
15:58:46 [DEBUG] (14) goxlr_daemon::device: Channel Chat on Fader, Loading State from Profile
15:58:46 [DEBUG] (14) goxlr_daemon::device: Channel C already Unmuted, doing nothing.
15:58:46 [DEBUG] (14) goxlr_daemon::device: Channel Music on Fader, Loading State from Profile
15:58:46 [DEBUG] (14) goxlr_daemon::device: Channel B already Unmuted, doing nothing.
15:58:46 [DEBUG] (14) goxlr_daemon::device: Setting Channel Volumes..
15:58:46 [DEBUG] (14) goxlr_daemon::device: Setting volume for Mic to 181
15:58:46 [DEBUG] (14) goxlr_daemon::device: Setting volume for LineIn to 128
15:58:46 [DEBUG] (14) goxlr_daemon::device: Setting volume for Console to 128
15:58:46 [DEBUG] (14) goxlr_daemon::device: Setting volume for System to 133
15:58:46 [DEBUG] (14) goxlr_daemon::device: Setting volume for Game to 128
15:58:46 [DEBUG] (14) goxlr_daemon::device: Setting volume for Chat to 116
15:58:46 [DEBUG] (14) goxlr_daemon::device: Setting volume for Sample to 254
15:58:46 [DEBUG] (14) goxlr_daemon::device: Setting volume for Music to 195
15:58:46 [DEBUG] (14) goxlr_daemon::device: Setting volume for MicMonitor to 140
15:58:46 [DEBUG] (14) goxlr_daemon::device: Setting volume for Headphones to 255
15:58:46 [DEBUG] (14) goxlr_daemon::device: Setting volume for LineOut to 122
15:58:46 [DEBUG] (14) goxlr_daemon::device: Applying Submixing Settings..
15:58:46 [DEBUG] (14) goxlr_daemon::device: IsStreamNoMusic: false
15:58:46 [DEBUG] (14) goxlr_daemon::device: IsStreamNoMusic: false
15:58:46 [DEBUG] (14) goxlr_daemon::device: IsStreamNoMusic: false
15:58:46 [DEBUG] (14) goxlr_daemon::device: IsStreamNoMusic: false
15:58:46 [DEBUG] (14) goxlr_daemon::device: Setting Sub Mix volume for Mic to 181
15:58:46 [DEBUG] (14) goxlr_daemon::device: Setting Sub Mix volume for LineIn to 128
15:58:46 [DEBUG] (14) goxlr_daemon::device: Setting Sub Mix volume for Console to 128
15:58:46 [DEBUG] (14) goxlr_daemon::device: Setting Sub Mix volume for System to 105
15:58:46 [DEBUG] (14) goxlr_daemon::device: Setting Sub Mix volume for Game to 128
15:58:46 [DEBUG] (14) goxlr_daemon::device: Setting Sub Mix volume for Chat to 116
15:58:46 [DEBUG] (14) goxlr_daemon::device: Setting Sub Mix volume for Sample to 254
15:58:46 [DEBUG] (14) goxlr_daemon::device: Setting Sub Mix volume for Music to 195
15:58:46 [DEBUG] (14) goxlr_daemon::device: Loading Colour Map..
15:58:46 [DEBUG] (14) goxlr_daemon::device: Setting Fader display modes..
15:58:46 [DEBUG] (14) goxlr_daemon::device: Setting display for A
15:58:46 [DEBUG] (14) goxlr_daemon::device: Setting display for B
15:58:46 [DEBUG] (14) goxlr_daemon::device: Setting display for C
15:58:46 [DEBUG] (14) goxlr_daemon::device: Setting display for D
15:58:46 [DEBUG] (14) goxlr_daemon::device: Updating button states..
15:58:46 [DEBUG] (14) goxlr_daemon::device: Applying Routing..
15:58:46 [DEBUG] (14) goxlr_daemon::device: IsStreamNoMusic: false
15:58:46 [DEBUG] (14) goxlr_daemon::device: Applying Routing to Microphone:
15:58:46 [DEBUG] (14) goxlr_daemon::device: IsStreamNoMusic: false
15:58:46 [DEBUG] (14) goxlr_daemon::device: Applying Routing to Chat:
15:58:46 [DEBUG] (14) goxlr_daemon::device: IsStreamNoMusic: false
15:58:46 [DEBUG] (14) goxlr_daemon::device: Applying Routing to Music:
15:58:46 [DEBUG] (14) goxlr_daemon::device: Light HardTune Enabled for Channel: Music
15:58:46 [DEBUG] (14) goxlr_daemon::device: IsStreamNoMusic: false
15:58:46 [DEBUG] (14) goxlr_daemon::device: Applying Routing to Game:
15:58:46 [DEBUG] (14) goxlr_daemon::device: Light HardTune Enabled for Channel: Game
15:58:46 [DEBUG] (14) goxlr_daemon::device: IsStreamNoMusic: false
15:58:46 [DEBUG] (14) goxlr_daemon::device: Applying Routing to Console:
15:58:46 [DEBUG] (14) goxlr_daemon::device: IsStreamNoMusic: false
15:58:46 [DEBUG] (14) goxlr_daemon::device: Applying Routing to LineIn:
15:58:46 [DEBUG] (14) goxlr_daemon::device: Light HardTune Enabled for Channel: LineIn
15:58:46 [DEBUG] (14) goxlr_daemon::device: IsStreamNoMusic: false
15:58:46 [DEBUG] (14) goxlr_daemon::device: Applying Routing to System:
15:58:46 [DEBUG] (14) goxlr_daemon::device: Light HardTune Enabled for Channel: System
15:58:46 [DEBUG] (14) goxlr_daemon::device: IsStreamNoMusic: false
15:58:46 [DEBUG] (14) goxlr_daemon::device: Applying Routing to Samples:
15:58:46 [DEBUG] (14) goxlr_daemon::device: Applying Voice FX
15:58:46 [DEBUG] (14) goxlr_daemon::device: Setting ReverbAmount to -36
15:58:46 [DEBUG] (14) goxlr_daemon::device: Setting ReverbType to 5
15:58:46 [DEBUG] (14) goxlr_daemon::device: Setting ReverbDecay to 96
15:58:46 [DEBUG] (14) goxlr_daemon::device: Setting ReverbPredelay to 0
15:58:46 [DEBUG] (14) goxlr_daemon::device: Setting ReverbDiffuse to -50
15:58:46 [DEBUG] (14) goxlr_daemon::device: Setting ReverbLowColor to 0
15:58:46 [DEBUG] (14) goxlr_daemon::device: Setting ReverbHighColor to -50
15:58:46 [DEBUG] (14) goxlr_daemon::device: Setting ReverbHighFactor to -25
15:58:46 [DEBUG] (14) goxlr_daemon::device: Setting ReverbModSpeed to -25
15:58:46 [DEBUG] (14) goxlr_daemon::device: Setting ReverbModDepth to -25
15:58:46 [DEBUG] (14) goxlr_daemon::device: Setting ReverbEarlyLevel to -25
15:58:46 [DEBUG] (14) goxlr_daemon::device: Setting ReverbTailLevel to 0
15:58:46 [DEBUG] (14) goxlr_daemon::device: Setting MegaphoneStyle to 1
15:58:46 [DEBUG] (14) goxlr_daemon::device: Setting MegaphoneAmount to 100
15:58:46 [DEBUG] (14) goxlr_daemon::device: Setting MegaphoneHP to 110
15:58:46 [DEBUG] (14) goxlr_daemon::device: Setting MegaphoneLP to 190
15:58:46 [DEBUG] (14) goxlr_daemon::device: Setting MegaphonePreGain to 0
15:58:46 [DEBUG] (14) goxlr_daemon::device: Setting MegaphonePostGain to 2
15:58:46 [DEBUG] (14) goxlr_daemon::device: Setting MegaphoneDistType to 4
15:58:46 [DEBUG] (14) goxlr_daemon::device: Setting MegaphonePresenceGain to 7
15:58:46 [DEBUG] (14) goxlr_daemon::device: Setting MegaphonePresenceFC to 160
15:58:46 [DEBUG] (14) goxlr_daemon::device: Setting MegaphonePresenceBW to 5
15:58:46 [DEBUG] (14) goxlr_daemon::device: Setting MegaphoneBeatboxEnable to 0
15:58:46 [DEBUG] (14) goxlr_daemon::device: Setting MegaphoneFilterControl to 1
15:58:46 [DEBUG] (14) goxlr_daemon::device: Setting MegaphoneFilter to 59
15:58:46 [DEBUG] (14) goxlr_daemon::device: Setting MegaphoneDrivePotGainCompMid to 0
15:58:46 [DEBUG] (14) goxlr_daemon::device: Setting MegaphoneDrivePotGainCompMax to 5
15:58:46 [DEBUG] (14) goxlr_daemon::device: Setting RobotPulseWidth to 50
15:58:46 [DEBUG] (14) goxlr_daemon::device: Setting RobotWaveform to 1
15:58:46 [DEBUG] (14) goxlr_daemon::device: Setting RobotThreshold to -36
15:58:46 [DEBUG] (14) goxlr_daemon::device: Setting RobotDryMix to -6
15:58:46 [DEBUG] (14) goxlr_daemon::device: Setting RobotLowFreq to 88
15:58:46 [DEBUG] (14) goxlr_daemon::device: Setting RobotLowGain to -10
15:58:46 [DEBUG] (14) goxlr_daemon::device: Setting RobotLowWidth to 0
15:58:46 [DEBUG] (14) goxlr_daemon::device: Setting RobotMidFreq to 173
15:58:46 [DEBUG] (14) goxlr_daemon::device: Setting RobotMidGain to 5
15:58:46 [DEBUG] (14) goxlr_daemon::device: Setting RobotMidWidth to 32
15:58:46 [DEBUG] (14) goxlr_daemon::device: Setting RobotHiFreq to 182
15:58:46 [DEBUG] (14) goxlr_daemon::device: Setting RobotHiGain to 0
15:58:46 [DEBUG] (14) goxlr_daemon::device: Setting RobotHiWidth to 0
15:58:46 [DEBUG] (14) goxlr_daemon::device: Setting RobotStyle to 1
15:58:46 [DEBUG] (14) goxlr_daemon::device: Setting HardTuneKeySource to 0
15:58:46 [DEBUG] (14) goxlr_daemon::device: Setting HardTuneAmount to 53
15:58:46 [DEBUG] (14) goxlr_daemon::device: Setting HardTuneWindow to 20
15:58:46 [DEBUG] (14) goxlr_daemon::device: Setting HardTuneRate to 99
15:58:46 [DEBUG] (14) goxlr_daemon::device: Setting HardTuneScale to 5
15:58:46 [DEBUG] (14) goxlr_daemon::device: Setting HardTunePitchAmount to 0
15:58:46 [DEBUG] (14) goxlr_daemon::device: Setting EchoAmount to -36
15:58:46 [DEBUG] (14) goxlr_daemon::device: Setting EchoSource to 1
15:58:46 [DEBUG] (14) goxlr_daemon::device: Setting EchoDivL to 10
15:58:46 [DEBUG] (14) goxlr_daemon::device: Setting EchoDivR to 13
15:58:46 [DEBUG] (14) goxlr_daemon::device: Setting EchoFeedbackL to 50
15:58:46 [DEBUG] (14) goxlr_daemon::device: Setting EchoFeedbackR to 0
15:58:46 [DEBUG] (14) goxlr_daemon::device: Setting EchoXFBLtoR to 100
15:58:46 [DEBUG] (14) goxlr_daemon::device: Setting EchoXFBRtoL to 0
15:58:46 [DEBUG] (14) goxlr_daemon::device: Setting EchoFeedback to 55
15:58:46 [DEBUG] (14) goxlr_daemon::device: Setting EchoFilterStyle to 0
15:58:46 [DEBUG] (14) goxlr_daemon::device: Setting EchoTempo to 120
15:58:46 [DEBUG] (14) goxlr_daemon::device: Setting PitchAmount to 0
15:58:46 [DEBUG] (14) goxlr_daemon::device: Setting PitchCharacter to 100
15:58:46 [DEBUG] (14) goxlr_daemon::device: Setting PitchThreshold to -26
15:58:46 [DEBUG] (14) goxlr_daemon::device: Setting GenderAmount to 0
15:58:46 [DEBUG] (14) goxlr_daemon::device: Setting Encoder1Enabled to 0
15:58:46 [DEBUG] (14) goxlr_daemon::device: Setting Encoder2Enabled to 0
15:58:46 [DEBUG] (14) goxlr_daemon::device: Setting Encoder3Enabled to 0
15:58:46 [DEBUG] (14) goxlr_daemon::device: Setting Encoder4Enabled to 0
15:58:46 [DEBUG] (14) goxlr_daemon::device: Setting MegaphoneEnabled to 0
15:58:46 [DEBUG] (14) goxlr_daemon::device: Setting HardTuneEnabled to 0
15:58:46 [DEBUG] (14) goxlr_daemon::device: Setting RobotEnabled to 0
15:58:46 [DEBUG] (14) goxlr_daemon::device: Setting MicInputMute to 0
15:58:46 [DEBUG] (14) goxlr_daemon::device: Validating Sampler Configuration..
15:58:46 [DEBUG] (14) goxlr_daemon::device: Updating Mic volume from 181 to 182 as a human moved the fader
15:58:46 [DEBUG] (14) goxlr_daemon::device: Setting Sub Mix volume for Mic to 182
15:58:46 [DEBUG] (20) goxlr_daemon::events: Shutdown Phase 2 Triggered..
15:58:46 [DEBUG] (20) goxlr_daemon::files: Shutdown Signal Received.
15:58:46 [DEBUG] (15) goxlr_daemon::tray::linux: Shutting Down Tray Handler..
15:58:46 [INFO] Shutting down daemon
15:58:46 [INFO] Shutting down TTS Service
15:58:46 [DEBUG] (20) goxlr_daemon::platform::linux::sleep: End of Run
15:58:46 [INFO] Shutting down device worker
15:58:46 [WARN] Sender Closed for S200600408CQK
16:11:44 [INFO] Starting GoXLR Daemon v1.2.4
16:11:44 [INFO] System Locale: en_GB
16:11:44 [INFO] Performing Platform Preflight...
16:11:44 [DEBUG] (1) goxlr_daemon: HTTP Bind Address: localhost
16:11:44 [INFO] Bound IPC Socket @ Name(UdSocketPath("/tmp/goxlr.socket"))
16:11:44 [DEBUG] (17) goxlr_daemon::platform::linux::autostart: Found XDG AutoStart Path: "/home/gaz/.config/autostart"
16:11:44 [DEBUG] (19) goxlr_daemon::servers::ipc_server: Running IPC Server..
16:11:44 [INFO] Connected to possible GoXLR device at Bus 001 Device 006: ID 1220:8fe0
16:11:44 [DEBUG] (3) goxlr_usb::device::libusb::device: Handling initial request
16:11:44 [INFO] Started GoXLR configuration interface at http://localhost:14564/
16:11:44 [INFO] Starting TTS Service..
16:11:44 [DEBUG] (20) goxlr_daemon::events: Starting Event Loop..
16:11:44 [DEBUG] (19) goxlr_daemon::platform::linux::sleep: Spawning Sleep Handler..
16:11:44 [DEBUG] (3) goxlr_daemon::device: New Device Loading..
16:11:44 [INFO] Configuring GoXLR, Profile: Default, Mic Profile: DEFAULT-custom
16:11:44 [DEBUG] (3) goxlr_daemon::profile: Loading Profile From /home/gaz/.local/share/goxlr-utility/profiles/Default.goxlr
16:11:44 [DEBUG] (3) goxlr_profile_loader::profile: Loading Profile Archive..
16:11:44 [DEBUG] (17) goxlr_daemon::primary_worker: Performing Firmware Version Check..
16:11:44 [DEBUG] (19) goxlr_daemon::platform::linux::sleep: Attempting to Inhibit Sleep..
16:11:44 [DEBUG] (3) goxlr_profile_loader::profile: Attempting to read profile.xml..
16:11:44 [DEBUG] (3) goxlr_profile_loader::profile: Preparing Structure..
16:11:44 [DEBUG] (3) goxlr_profile_loader::profile: MixRoutingTree { mix: {Headphones: A, Broadcast: B, LineOut: A, ChatMic: A, Sampler: A, StreamMix2: A} }
16:11:44 [DEBUG] (3) goxlr_profile_loader::profile: SubMixer { submix_enabled: true, volume_table: {Mic: 181, Chat: 116, Music: 195, Game: 128, Console: 128, LineIn: 128, System: 105, Sample: 254}, monitor_tree: MonitorTree { monitored_output: Headphones, headphone_mix: A, routing: {Mic: 8192, Chat: 8192, Music: 8192, Game: 8192, Console: 8192, LineIn: 8192, System: 8192, Sample: 8192} }, linking_tree: LinkingTree { linked_list: {Mic: true, Chat: true, Music: true, Game: true, Console: true, LineIn: true, System: false, Sample: true}, linked_ratio: {Mic: 1.0, Chat: 1.0, Music: 1.0, Game: 1.0, Console: 1.0, LineIn: 1.0, System: 1.0, Sample: 1.0} } }
16:11:44 [DEBUG] (3) goxlr_daemon::device: Profile Successfully Loaded, Performing Backup..
16:11:44 [DEBUG] (3) goxlr_profile_loader::profile: Creating Temporary Save File: "/home/gaz/.local/share/goxlr-utility/backups/Default.tmp"
16:11:44 [DEBUG] (19) goxlr_daemon::platform::linux::sleep: Inhibitor Successfully Established.
16:11:44 [DEBUG] (19) goxlr_daemon::platform::linux::sleep: Awaiting Result from 'PrepareForSleep'
16:11:44 [DEBUG] (19) goxlr_daemon::platform::linux::sleep: Preparing Lock Proxy..
16:11:44 [DEBUG] (19) goxlr_daemon::platform::linux::sleep: Entering Signal Loop..
16:11:44 [DEBUG] (3) goxlr_profile_loader::profile: Save Complete and synced, renaming to "/home/gaz/.local/share/goxlr-utility/backups/Default.goxlr"
16:11:44 [DEBUG] (3) goxlr_profile_loader::profile: Target profile exists, removing..
16:11:44 [DEBUG] (3) goxlr_profile_loader::profile: Renaming "/home/gaz/.local/share/goxlr-utility/backups/Default.tmp" to "/home/gaz/.local/share/goxlr-utility/backups/Default.goxlr"
16:11:44 [DEBUG] (3) goxlr_daemon::device: Main Profile Backup Complete
16:11:44 [DEBUG] (3) goxlr_daemon::device: Mic Profile Successfully Loaded, Performing Backup..
16:11:44 [DEBUG] (3) goxlr_profile_loader::mic_profile: Creating Temporary Save File: "/home/gaz/.local/share/goxlr-utility/backups/DEFAULT-custom.tmp"
16:11:44 [DEBUG] (3) goxlr_profile_loader::mic_profile: Save Complete and synced, renaming to "/home/gaz/.local/share/goxlr-utility/backups/DEFAULT-custom.goxlrMicProfile"
16:11:44 [DEBUG] (3) goxlr_profile_loader::mic_profile: Target mic profile exists, removing..
16:11:44 [DEBUG] (3) goxlr_profile_loader::mic_profile: Renaming "/home/gaz/.local/share/goxlr-utility/backups/DEFAULT-custom.tmp" to "/home/gaz/.local/share/goxlr-utility/backups/DEFAULT-custom.goxlrMicProfile"
16:11:44 [DEBUG] (3) goxlr_daemon::device: Mic Profile Backup Complete
16:11:44 [DEBUG] (3) goxlr_daemon::audio: Attempting to Find Device..
16:11:44 [DEBUG] (46) goxlr_audio::recorder: Starting Audio Listener..
16:11:44 [DEBUG] (3) goxlr_daemon::audio: Found Device: alsa_output.usb-TC-Helicon_GoXLR-00.HiFi__Line3__sink
16:11:44 [DEBUG] (3) goxlr_daemon::device: Created Audio Handler..
16:11:44 [DEBUG] (3) goxlr_daemon::device: Ok(AudioHandler { output_device: Some("alsa_output.usb-TC-Helicon_GoXLR-00.HiFi__Line3__sink"), buffered_input: Some(BufferedRecorder { device: [goxlr_sample.*source, GoXLR_0_4_5.*source, GoXLR.*HiFi__Line5__source, CoreAudio\*Sampler(?:(?!Mini).)*$, ^WASAPI\*Sample(?:(?!Mini).)*$], producers: 0 }), last_device_check: None, active_streams: {A: {TopLeft: None, TopRight: None, BottomLeft: None, BottomRight: None}, B: {TopLeft: None, TopRight: None, BottomLeft: None, BottomRight: None}, C: {TopLeft: None, TopRight: None, BottomLeft: None, BottomRight: None}}, process_task: None })
16:11:44 [DEBUG] (3) goxlr_daemon::device: Audio Handler Loaded OK..
16:11:44 [DEBUG] (3) goxlr_daemon::device: --- DEVICE INFO ---
16:11:44 [DEBUG] (3) goxlr_daemon::device: Serial: "S200600408CQK"
16:11:44 [DEBUG] (3) goxlr_daemon::device: Firmware: 1.4.3.110
16:11:44 [DEBUG] (3) goxlr_daemon::device: DICE: 1.4.3.110
16:11:44 [DEBUG] (3) goxlr_daemon::device: Type: Full
16:11:44 [DEBUG] (3) goxlr_daemon::device: -------------------
16:11:44 [DEBUG] (3) goxlr_daemon::device: Applying Profile..
16:11:44 [DEBUG] (3) goxlr_daemon::device: Setting Faders..
16:11:44 [DEBUG] (3) goxlr_daemon::device: Setting Fader A to Mic
16:11:44 [DEBUG] (3) goxlr_daemon::device: Setting Fader B to Music
16:11:44 [DEBUG] (3) goxlr_daemon::device: Setting Fader C to Chat
16:11:44 [DEBUG] (19) goxlr_daemon::primary_worker: Firmware Update Process Finished
16:11:44 [DEBUG] (3) goxlr_daemon::device: Setting Fader D to System
16:11:44 [DEBUG] (3) goxlr_daemon::device: Setting Mute States..
16:11:44 [DEBUG] (3) goxlr_daemon::device: Applying Microphone Mute State
16:11:44 [DEBUG] (3) goxlr_daemon::device: Setting Mic to Unmuted
16:11:44 [DEBUG] (3) goxlr_daemon::device: Unknown Channel state for LineIn, Unmuting.
16:11:44 [DEBUG] (3) goxlr_daemon::device: Unknown Channel state for Console, Unmuting.
16:11:44 [DEBUG] (3) goxlr_daemon::device: Channel System on Fader, Loading State from Profile
16:11:44 [DEBUG] (3) goxlr_daemon::device: Channel System set to Unmuted (no previous)
16:11:44 [DEBUG] (3) goxlr_daemon::device: Unknown Channel state for Game, Unmuting.
16:11:44 [DEBUG] (3) goxlr_daemon::device: Channel Chat on Fader, Loading State from Profile
16:11:44 [DEBUG] (3) goxlr_daemon::device: Channel Chat set to Unmuted (no previous)
16:11:44 [DEBUG] (3) goxlr_daemon::device: Unknown Channel state for Sample, Unmuting.
16:11:44 [DEBUG] (3) goxlr_daemon::device: Channel Music on Fader, Loading State from Profile
16:11:44 [DEBUG] (3) goxlr_daemon::device: Channel Music set to Unmuted (no previous)
16:11:44 [DEBUG] (3) goxlr_daemon::device: Unknown Channel state for Headphones, Unmuting.
16:11:44 [DEBUG] (3) goxlr_daemon::device: Unknown Channel state for MicMonitor, Unmuting.
16:11:44 [DEBUG] (3) goxlr_daemon::device: Unknown Channel state for LineOut, Unmuting.
16:11:44 [DEBUG] (3) goxlr_daemon::device: Setting Channel Volumes..
16:11:44 [DEBUG] (3) goxlr_daemon::device: No reference volumes, sending channels in order
16:11:44 [DEBUG] (3) goxlr_daemon::device: Setting volume for Mic to 181
16:11:44 [DEBUG] (3) goxlr_daemon::device: Setting volume for LineIn to 128
16:11:44 [DEBUG] (3) goxlr_daemon::device: Setting volume for Console to 128
16:11:44 [DEBUG] (3) goxlr_daemon::device: Setting volume for System to 133
16:11:44 [DEBUG] (3) goxlr_daemon::device: Setting volume for Game to 128
16:11:44 [DEBUG] (3) goxlr_daemon::device: Setting volume for Chat to 116
16:11:44 [DEBUG] (3) goxlr_daemon::device: Setting volume for Sample to 254
16:11:44 [DEBUG] (3) goxlr_daemon::device: Setting volume for Music to 195
16:11:44 [DEBUG] (3) goxlr_daemon::device: Setting volume for Headphones to 255
16:11:44 [DEBUG] (3) goxlr_daemon::device: Setting volume for MicMonitor to 140
16:11:44 [DEBUG] (3) goxlr_daemon::device: Setting volume for LineOut to 122
16:11:44 [DEBUG] (3) goxlr_daemon::device: Applying Submixing Settings..
16:11:44 [DEBUG] (3) goxlr_daemon::device: IsStreamNoMusic: false
16:11:44 [DEBUG] (3) goxlr_daemon::device: IsStreamNoMusic: false
16:11:44 [DEBUG] (3) goxlr_daemon::device: IsStreamNoMusic: false
16:11:44 [DEBUG] (3) goxlr_daemon::device: IsStreamNoMusic: false
16:11:44 [DEBUG] (3) goxlr_daemon::device: Setting Sub Mix volume for Mic to 181
16:11:44 [DEBUG] (3) goxlr_daemon::device: Setting Sub Mix volume for LineIn to 128
16:11:44 [DEBUG] (3) goxlr_daemon::device: Setting Sub Mix volume for Console to 128
16:11:44 [DEBUG] (3) goxlr_daemon::device: Setting Sub Mix volume for System to 105
16:11:44 [DEBUG] (3) goxlr_daemon::device: Setting Sub Mix volume for Game to 128
16:11:44 [DEBUG] (3) goxlr_usb::device::libusb::device: Response not arrived yet for SetSubChannelVolume(Game), sleeping and retrying (Attempt 1 of 20)
16:11:44 [DEBUG] (3) goxlr_daemon::device: Setting Sub Mix volume for Chat to 116
16:11:44 [DEBUG] (3) goxlr_daemon::device: Setting Sub Mix volume for Sample to 254
16:11:44 [DEBUG] (3) goxlr_daemon::device: Setting Sub Mix volume for Music to 195
16:11:44 [DEBUG] (3) goxlr_daemon::device: Loading Colour Map..
16:11:44 [DEBUG] (3) goxlr_daemon::device: Setting Fader display modes..
16:11:44 [DEBUG] (3) goxlr_daemon::device: Setting display for A
16:11:44 [DEBUG] (3) goxlr_daemon::device: Setting display for B
16:11:44 [DEBUG] (3) goxlr_daemon::device: Setting display for C
16:11:44 [DEBUG] (3) goxlr_daemon::device: Setting display for D
16:11:44 [DEBUG] (3) goxlr_daemon::device: Updating button states..
16:11:44 [DEBUG] (3) goxlr_daemon::device: Applying Routing..
16:11:44 [DEBUG] (3) goxlr_daemon::device: IsStreamNoMusic: false
16:11:44 [DEBUG] (3) goxlr_daemon::device: Applying Routing to Microphone:
16:11:44 [DEBUG] (3) goxlr_daemon::device: IsStreamNoMusic: false
16:11:44 [DEBUG] (3) goxlr_daemon::device: Applying Routing to Chat:
16:11:44 [DEBUG] (3) goxlr_daemon::device: IsStreamNoMusic: false
16:11:44 [DEBUG] (3) goxlr_daemon::device: Applying Routing to Music:
16:11:44 [DEBUG] (3) goxlr_daemon::device: Light HardTune Enabled for Channel: Music
16:11:44 [DEBUG] (3) goxlr_daemon::device: IsStreamNoMusic: false
16:11:44 [DEBUG] (3) goxlr_daemon::device: Applying Routing to Game:
16:11:44 [DEBUG] (3) goxlr_daemon::device: Light HardTune Enabled for Channel: Game
16:11:44 [DEBUG] (3) goxlr_daemon::device: IsStreamNoMusic: false
16:11:44 [DEBUG] (3) goxlr_daemon::device: Applying Routing to Console:
16:11:44 [DEBUG] (3) goxlr_daemon::device: IsStreamNoMusic: false
16:11:44 [DEBUG] (3) goxlr_daemon::device: Applying Routing to LineIn:
16:11:44 [DEBUG] (3) goxlr_daemon::device: Light HardTune Enabled for Channel: LineIn
16:11:44 [DEBUG] (3) goxlr_daemon::device: IsStreamNoMusic: false
16:11:44 [DEBUG] (3) goxlr_daemon::device: Applying Routing to System:
16:11:44 [DEBUG] (3) goxlr_daemon::device: Light HardTune Enabled for Channel: System
16:11:44 [DEBUG] (3) goxlr_daemon::device: IsStreamNoMusic: false
16:11:44 [DEBUG] (3) goxlr_daemon::device: Applying Routing to Samples:
16:11:44 [DEBUG] (3) goxlr_daemon::device: Applying Voice FX
16:11:44 [DEBUG] (3) goxlr_daemon::device: Setting ReverbAmount to -36
16:11:44 [DEBUG] (3) goxlr_daemon::device: Setting ReverbType to 5
16:11:44 [DEBUG] (3) goxlr_daemon::device: Setting ReverbDecay to 96
16:11:44 [DEBUG] (3) goxlr_daemon::device: Setting ReverbPredelay to 0
16:11:44 [DEBUG] (3) goxlr_daemon::device: Setting ReverbDiffuse to -50
16:11:44 [DEBUG] (3) goxlr_daemon::device: Setting ReverbLowColor to 0
16:11:44 [DEBUG] (3) goxlr_daemon::device: Setting ReverbHighColor to -50
16:11:44 [DEBUG] (3) goxlr_daemon::device: Setting ReverbHighFactor to -25
16:11:44 [DEBUG] (3) goxlr_daemon::device: Setting ReverbModSpeed to -25
16:11:44 [DEBUG] (3) goxlr_daemon::device: Setting ReverbModDepth to -25
16:11:44 [DEBUG] (3) goxlr_daemon::device: Setting ReverbEarlyLevel to -25
16:11:44 [DEBUG] (3) goxlr_daemon::device: Setting ReverbTailLevel to 0
16:11:44 [DEBUG] (3) goxlr_daemon::device: Setting MegaphoneStyle to 1
16:11:44 [DEBUG] (3) goxlr_daemon::device: Setting MegaphoneAmount to 100
16:11:44 [DEBUG] (3) goxlr_daemon::device: Setting MegaphoneHP to 110
16:11:44 [DEBUG] (3) goxlr_daemon::device: Setting MegaphoneLP to 190
16:11:44 [DEBUG] (3) goxlr_daemon::device: Setting MegaphonePreGain to 0
16:11:44 [DEBUG] (3) goxlr_daemon::device: Setting MegaphonePostGain to 2
16:11:44 [DEBUG] (3) goxlr_daemon::device: Setting MegaphoneDistType to 4
16:11:44 [DEBUG] (3) goxlr_daemon::device: Setting MegaphonePresenceGain to 7
16:11:44 [DEBUG] (3) goxlr_daemon::device: Setting MegaphonePresenceFC to 160
16:11:44 [DEBUG] (3) goxlr_daemon::device: Setting MegaphonePresenceBW to 5
16:11:44 [DEBUG] (3) goxlr_daemon::device: Setting MegaphoneBeatboxEnable to 0
16:11:44 [DEBUG] (3) goxlr_daemon::device: Setting MegaphoneFilterControl to 1
16:11:44 [DEBUG] (3) goxlr_daemon::device: Setting MegaphoneFilter to 59
16:11:44 [DEBUG] (3) goxlr_daemon::device: Setting MegaphoneDrivePotGainCompMid to 0
16:11:44 [DEBUG] (3) goxlr_daemon::device: Setting MegaphoneDrivePotGainCompMax to 5
16:11:44 [DEBUG] (3) goxlr_daemon::device: Setting RobotPulseWidth to 50
16:11:44 [DEBUG] (3) goxlr_daemon::device: Setting RobotWaveform to 1
16:11:44 [DEBUG] (3) goxlr_daemon::device: Setting RobotThreshold to -36
16:11:44 [DEBUG] (3) goxlr_daemon::device: Setting RobotDryMix to -6
16:11:44 [DEBUG] (3) goxlr_daemon::device: Setting RobotLowFreq to 88
16:11:44 [DEBUG] (3) goxlr_daemon::device: Setting RobotLowGain to -10
16:11:44 [DEBUG] (3) goxlr_daemon::device: Setting RobotLowWidth to 0
16:11:44 [DEBUG] (3) goxlr_daemon::device: Setting RobotMidFreq to 173
16:11:44 [DEBUG] (3) goxlr_daemon::device: Setting RobotMidGain to 5
16:11:44 [DEBUG] (3) goxlr_daemon::device: Setting RobotMidWidth to 32
16:11:44 [DEBUG] (3) goxlr_daemon::device: Setting RobotHiFreq to 182
16:11:44 [DEBUG] (3) goxlr_daemon::device: Setting RobotHiGain to 0
16:11:44 [DEBUG] (3) goxlr_daemon::device: Setting RobotHiWidth to 0
16:11:44 [DEBUG] (3) goxlr_daemon::device: Setting RobotStyle to 1
16:11:44 [DEBUG] (3) goxlr_daemon::device: Setting HardTuneKeySource to 0
16:11:44 [DEBUG] (3) goxlr_daemon::device: Setting HardTuneAmount to 53
16:11:44 [DEBUG] (3) goxlr_daemon::device: Setting HardTuneWindow to 20
16:11:44 [DEBUG] (3) goxlr_daemon::device: Setting HardTuneRate to 99
16:11:44 [DEBUG] (3) goxlr_daemon::device: Setting HardTuneScale to 5
16:11:44 [DEBUG] (3) goxlr_daemon::device: Setting HardTunePitchAmount to 0
16:11:44 [DEBUG] (3) goxlr_daemon::device: Setting EchoAmount to -36
16:11:44 [DEBUG] (3) goxlr_daemon::device: Setting EchoSource to 1
16:11:44 [DEBUG] (3) goxlr_daemon::device: Setting EchoDivL to 10
16:11:44 [DEBUG] (3) goxlr_daemon::device: Setting EchoDivR to 13
16:11:44 [DEBUG] (3) goxlr_daemon::device: Setting EchoFeedbackL to 50
16:11:44 [DEBUG] (3) goxlr_daemon::device: Setting EchoFeedbackR to 0
16:11:44 [DEBUG] (3) goxlr_daemon::device: Setting EchoXFBLtoR to 100
16:11:44 [DEBUG] (3) goxlr_daemon::device: Setting EchoXFBRtoL to 0
16:11:44 [DEBUG] (3) goxlr_daemon::device: Setting EchoFeedback to 55
16:11:44 [DEBUG] (3) goxlr_daemon::device: Setting EchoFilterStyle to 0
16:11:44 [DEBUG] (3) goxlr_daemon::device: Setting EchoTempo to 120
16:11:44 [DEBUG] (3) goxlr_daemon::device: Setting PitchAmount to 0
16:11:44 [DEBUG] (3) goxlr_daemon::device: Setting PitchCharacter to 100
16:11:44 [DEBUG] (3) goxlr_daemon::device: Setting PitchThreshold to -26
16:11:44 [DEBUG] (3) goxlr_daemon::device: Setting GenderAmount to 0
16:11:44 [DEBUG] (3) goxlr_daemon::device: Setting Encoder1Enabled to 0
16:11:44 [DEBUG] (3) goxlr_daemon::device: Setting Encoder2Enabled to 0
16:11:44 [DEBUG] (3) goxlr_daemon::device: Setting Encoder3Enabled to 0
16:11:44 [DEBUG] (3) goxlr_daemon::device: Setting Encoder4Enabled to 0
16:11:44 [DEBUG] (3) goxlr_daemon::device: Setting MegaphoneEnabled to 0
16:11:44 [DEBUG] (3) goxlr_daemon::device: Setting HardTuneEnabled to 0
16:11:44 [DEBUG] (3) goxlr_daemon::device: Setting RobotEnabled to 0
16:11:44 [DEBUG] (3) goxlr_daemon::device: Setting MicInputMute to 0
16:11:44 [DEBUG] (3) goxlr_daemon::device: Validating Sampler Configuration..
16:11:44 [DEBUG] (3) goxlr_daemon::device: Setting Equalizer2KHzGain to 0
16:11:44 [DEBUG] (3) goxlr_daemon::device: Setting Equalizer500HzGain to 0
16:11:44 [DEBUG] (3) goxlr_daemon::device: Setting GateAttack to 0
16:11:44 [DEBUG] (3) goxlr_daemon::device: Setting CompressorAttack to 1
16:11:44 [DEBUG] (3) goxlr_daemon::device: Setting Equalizer63HzFrequency to 40
16:11:44 [DEBUG] (3) goxlr_daemon::device: Setting CompressorThreshold to -15
16:11:44 [DEBUG] (3) goxlr_daemon::device: Setting Equalizer63HzGain to -9
16:11:44 [DEBUG] (3) goxlr_daemon::device: Setting CompressorRelease to 7
16:11:44 [DEBUG] (3) goxlr_daemon::device: Setting Equalizer250HzFrequency to 87
16:11:44 [DEBUG] (3) goxlr_daemon::device: Setting Equalizer1KHzGain to 0
16:11:44 [DEBUG] (3) goxlr_daemon::device: Setting Equalizer125HzGain to -2
16:11:44 [DEBUG] (3) goxlr_daemon::device: Setting Equalizer31HzFrequency to 14
16:11:44 [DEBUG] (3) goxlr_daemon::device: Setting Equalizer2KHzFrequency to 159
16:11:44 [DEBUG] (3) goxlr_daemon::device: Setting Equalizer16KHzFrequency to 231
16:11:44 [DEBUG] (3) goxlr_daemon::device: Setting Equalizer250HzGain to 0
16:11:44 [DEBUG] (3) goxlr_daemon::device: Setting MicInputMute to 0
16:11:44 [DEBUG] (3) goxlr_daemon::device: Setting BleepLevel to -20
16:11:44 [DEBUG] (3) goxlr_daemon::device: Setting Equalizer1KHzFrequency to 135
16:11:44 [DEBUG] (3) goxlr_daemon::device: Setting Equalizer16KHzGain to -9
16:11:44 [DEBUG] (3) goxlr_daemon::device: Setting CompressorRatio to 8
16:11:44 [DEBUG] (3) goxlr_daemon::device: Setting Equalizer8KHzGain to -2
16:11:44 [DEBUG] (3) goxlr_daemon::device: Setting Equalizer4KHzFrequency to 183
16:11:44 [DEBUG] (3) goxlr_daemon::device: Setting GateAttenuation to -18
16:11:44 [DEBUG] (3) goxlr_daemon::device: Setting CompressorMakeUpGain to 8
16:11:44 [DEBUG] (3) goxlr_daemon::device: Setting Equalizer8KHzFrequency to 207
16:11:44 [DEBUG] (3) goxlr_daemon::device: Setting Equalizer125HzFrequency to 63
16:11:44 [DEBUG] (3) goxlr_daemon::device: Setting Equalizer4KHzGain to 0
16:11:44 [DEBUG] (3) goxlr_daemon::device: Setting GateMode to 2
16:11:44 [DEBUG] (3) goxlr_daemon::device: Setting Equalizer500HzFrequency to 111
16:11:44 [DEBUG] (3) goxlr_daemon::device: Setting GateEnabled to 1
16:11:44 [DEBUG] (3) goxlr_daemon::device: Setting GateRelease to 19
16:11:44 [DEBUG] (3) goxlr_daemon::device: Setting GateThreshold to -35
16:11:44 [DEBUG] (3) goxlr_daemon::device: Setting DeEsser to 52
16:11:44 [DEBUG] (3) goxlr_daemon::device: Setting Equalizer31HzGain to -9
16:11:44 [DEBUG] (3) goxlr_daemon::settings: Saving Settings
16:11:44 [DEBUG] (3) goxlr_daemon::settings: Creating Temporary Save File: "/home/gaz/.config/goxlr-utility/settings.tmp"
16:11:44 [DEBUG] (3) goxlr_daemon::settings: Save Complete and synced, renaming to "/home/gaz/.config/goxlr-utility/settings.json"
16:11:44 [DEBUG] (3) goxlr_daemon::settings: Target exists, removing..
16:11:44 [DEBUG] (3) goxlr_daemon::settings: Renaming "/home/gaz/.config/goxlr-utility/settings.tmp" to "/home/gaz/.config/goxlr-utility/settings.json"
16:11:44 [DEBUG] (3) goxlr_daemon::settings: Settings Saved.
16:11:44 [DEBUG] (3) goxlr_daemon::device: Updating Mic volume from 181 to 179 as a human moved the fader
16:11:44 [DEBUG] (3) goxlr_daemon::device: Setting Sub Mix volume for Mic to 179
16:11:44 [DEBUG] (3) goxlr_daemon::device: Updating Chat volume from 116 to 114 as a human moved the fader
16:11:44 [DEBUG] (3) goxlr_daemon::device: Setting Sub Mix volume for Chat to 114
16:11:44 [DEBUG] (3) goxlr_daemon::device: Updating System volume from 133 to 130 as a human moved the fader
16:14:24 [DEBUG] (30) goxlr_daemon::servers::http_server: Building Scribble Image for S200600408CQK - A
16:14:24 [DEBUG] (30) goxlr_daemon::servers::http_server: Creating Image 128x64
16:14:24 [DEBUG] (31) goxlr_daemon::servers::http_server: Building Scribble Image for S200600408CQK - B
16:14:24 [DEBUG] (31) goxlr_daemon::servers::http_server: Creating Image 128x64
16:14:24 [DEBUG] (34) goxlr_daemon::servers::http_server: Building Scribble Image for S200600408CQK - C
16:14:24 [DEBUG] (34) goxlr_daemon::servers::http_server: Creating Image 128x64
16:14:24 [DEBUG] (31) goxlr_daemon::servers::http_server: Building Scribble Image for S200600408CQK - D
16:14:24 [DEBUG] (31) goxlr_daemon::servers::http_server: Creating Image 128x64
16:14:24 [DEBUG] (30) goxlr_daemon::servers::http_server: Returning Cached Scribble Image for S200600408CQK - A
16:14:24 [DEBUG] (36) goxlr_daemon::servers::http_server: Returning Cached Scribble Image for S200600408CQK - B
16:14:24 [DEBUG] (37) goxlr_daemon::servers::http_server: Returning Cached Scribble Image for S200600408CQK - C
16:14:24 [DEBUG] (31) goxlr_daemon::servers::http_server: Returning Cached Scribble Image for S200600408CQK - D
16:14:24 [DEBUG] (37) goxlr_daemon::servers::http_server: Returning Cached Scribble Image for S200600408CQK - A
16:14:24 [DEBUG] (36) goxlr_daemon::servers::http_server: Returning Cached Scribble Image for S200600408CQK - B
16:14:24 [DEBUG] (30) goxlr_daemon::servers::http_server: Returning Cached Scribble Image for S200600408CQK - C
16:14:24 [DEBUG] (35) goxlr_daemon::servers::http_server: Returning Cached Scribble Image for S200600408CQK - D
16:16:35 [DEBUG] (17) goxlr_daemon::events: Received Screen Lock Event..
16:30:48 [DEBUG] (17) goxlr_daemon::events: Received Screen Unlock Event
16:31:26 [DEBUG] (21) goxlr_daemon::device: Handling Button Down: Bleep
16:31:27 [DEBUG] (21) goxlr_daemon::device: Handling Button Release: Bleep, Has Long Press Handled: false
16:48:12 [DEBUG] (3) goxlr_daemon::device: IsStreamNoMusic: false
16:48:12 [DEBUG] (3) goxlr_daemon::device: Applying Routing to Microphone:
16:48:12 [DEBUG] (3) goxlr_daemon::device: IsStreamNoMusic: false
16:48:12 [DEBUG] (3) goxlr_daemon::device: Applying Routing to Chat:
16:48:12 [DEBUG] (3) goxlr_daemon::device: IsStreamNoMusic: false
16:48:12 [DEBUG] (3) goxlr_daemon::device: Applying Routing to Music:
16:48:12 [DEBUG] (3) goxlr_daemon::device: Light HardTune Enabled for Channel: Music
16:48:12 [DEBUG] (3) goxlr_daemon::device: IsStreamNoMusic: false
16:48:12 [DEBUG] (3) goxlr_daemon::device: Applying Routing to Game:
16:48:12 [DEBUG] (3) goxlr_daemon::device: Light HardTune Enabled for Channel: Game
16:48:12 [DEBUG] (3) goxlr_daemon::device: IsStreamNoMusic: false
16:48:12 [DEBUG] (3) goxlr_daemon::device: Applying Routing to Console:
16:48:12 [DEBUG] (3) goxlr_daemon::device: IsStreamNoMusic: false
16:48:12 [DEBUG] (3) goxlr_daemon::device: Applying Routing to LineIn:
16:48:12 [DEBUG] (3) goxlr_daemon::device: Light HardTune Enabled for Channel: LineIn
16:48:12 [DEBUG] (3) goxlr_daemon::device: IsStreamNoMusic: false
16:48:12 [DEBUG] (3) goxlr_daemon::device: Applying Routing to System:
16:48:12 [DEBUG] (3) goxlr_daemon::device: Light HardTune Enabled for Channel: System
16:48:12 [DEBUG] (3) goxlr_daemon::device: IsStreamNoMusic: false
16:48:12 [DEBUG] (3) goxlr_daemon::device: Applying Routing to Samples:
16:51:55 [DEBUG] (21) goxlr_daemon::profile: Setting Fader Style to: Meter
16:51:55 [DEBUG] (21) goxlr_daemon::profile: Setting Fader Style to: Meter
16:51:55 [DEBUG] (21) goxlr_daemon::profile: Setting Fader Style to: Meter
16:51:55 [DEBUG] (21) goxlr_daemon::profile: Setting Fader Style to: Meter
16:51:55 [DEBUG] (21) goxlr_daemon::profile: Setting Fader Style to: Meter
16:51:55 [DEBUG] (21) goxlr_daemon::profile: Setting Fader Style to: Meter
16:51:55 [DEBUG] (21) goxlr_daemon::profile: Setting Fader Style to: Meter
16:51:55 [DEBUG] (21) goxlr_daemon::profile: Setting Fader Style to: Meter
16:51:58 [DEBUG] (21) goxlr_daemon::profile: Setting Fader Style to: Meter
16:51:58 [DEBUG] (21) goxlr_daemon::profile: Setting Fader Style to: Meter
16:51:58 [DEBUG] (21) goxlr_daemon::profile: Setting Fader Style to: Meter
16:51:58 [DEBUG] (21) goxlr_daemon::profile: Setting Fader Style to: Meter
16:51:59 [DEBUG] (3) goxlr_daemon::profile: Setting Fader Style to: Meter
16:51:59 [DEBUG] (3) goxlr_daemon::profile: Setting Fader Style to: Meter
16:51:59 [DEBUG] (3) goxlr_daemon::profile: Setting Fader Style to: Meter
16:51:59 [DEBUG] (3) goxlr_daemon::profile: Setting Fader Style to: Meter
16:52:48 [DEBUG] (17) goxlr_daemon::device: Handling Button Down: Fader1Mute
16:52:48 [DEBUG] (21) goxlr_daemon::device: Handling Button Release: Fader1Mute, Has Long Press Handled: false
16:52:48 [DEBUG] (21) goxlr_daemon::device: IsStreamNoMusic: false
16:52:48 [DEBUG] (21) goxlr_daemon::device: Applying Routing to Microphone:
16:52:48 [DEBUG] (21) goxlr_daemon::tts: Received TTS Message: Mic Muted
16:52:48 [DEBUG] (21) goxlr_daemon::device: Updating Mic volume from 0 to 157 as a human moved the fader
16:52:48 [DEBUG] (21) goxlr_daemon::device: Updating Mic volume from 157 to 104 as a human moved the fader
16:52:48 [DEBUG] (21) goxlr_daemon::device: Updating Mic volume from 104 to 56 as a human moved the fader
16:52:48 [DEBUG] (21) goxlr_daemon::device: Updating Mic volume from 56 to 6 as a human moved the fader
16:52:48 [DEBUG] (21) goxlr_daemon::device: Updating Mic volume from 6 to 4 as a human moved the fader
16:52:48 [DEBUG] (21) goxlr_daemon::device: Updating Mic volume from 4 to 0 as a human moved the fader
16:52:49 [DEBUG] (21) goxlr_daemon::device: Handling Button Down: Fader1Mute
16:52:49 [DEBUG] (21) goxlr_daemon::device: Handling Button Release: Fader1Mute, Has Long Press Handled: false
16:52:49 [DEBUG] (21) goxlr_daemon::device: Setting MicInputMute to 0
16:52:49 [DEBUG] (21) goxlr_daemon::device: IsStreamNoMusic: false
16:52:49 [DEBUG] (21) goxlr_daemon::device: Applying Routing to Microphone:
16:52:49 [DEBUG] (21) goxlr_daemon::tts: Received TTS Message: Mic unmuted
16:52:49 [DEBUG] (21) goxlr_daemon::device: Updating Mic volume from 179 to 19 as a human moved the fader
16:52:49 [DEBUG] (21) goxlr_daemon::device: Updating Mic volume from 19 to 67 as a human moved the fader
16:52:49 [DEBUG] (21) goxlr_daemon::device: Updating Mic volume from 67 to 122 as a human moved the fader
16:52:49 [DEBUG] (21) goxlr_daemon::device: Updating Mic volume from 122 to 174 as a human moved the fader
16:52:49 [DEBUG] (21) goxlr_daemon::device: Updating Mic volume from 174 to 186 as a human moved the fader
16:52:49 [DEBUG] (21) goxlr_daemon::device: Updating Mic volume from 186 to 176 as a human moved the fader
16:53:02 [DEBUG] (17) goxlr_daemon::device: Handling Button Down: Fader1Mute
16:53:02 [DEBUG] (17) goxlr_daemon::device: Handling Button Release: Fader1Mute, Has Long Press Handled: false
16:53:02 [DEBUG] (17) goxlr_daemon::device: IsStreamNoMusic: false
16:53:02 [DEBUG] (17) goxlr_daemon::device: Applying Routing to Microphone:
16:53:02 [DEBUG] (17) goxlr_daemon::tts: Received TTS Message: Mic Muted
16:53:02 [DEBUG] (17) goxlr_daemon::device: Updating Mic volume from 0 to 153 as a human moved the fader
16:53:02 [DEBUG] (17) goxlr_daemon::device: Updating Mic volume from 153 to 107 as a human moved the fader
16:53:02 [DEBUG] (17) goxlr_daemon::device: Updating Mic volume from 107 to 49 as a human moved the fader
16:53:02 [DEBUG] (17) goxlr_daemon::device: Updating Mic volume from 49 to 0 as a human moved the fader
16:53:02 [DEBUG] (17) goxlr_daemon::device: Updating Mic volume from 0 to 4 as a human moved the fader
16:53:02 [DEBUG] (17) goxlr_daemon::device: Updating Mic volume from 4 to 0 as a human moved the fader
16:53:02 [DEBUG] (17) goxlr_daemon::device: Handling Button Down: Fader1Mute
16:53:03 [DEBUG] (17) goxlr_daemon::device: Handling Button Release: Fader1Mute, Has Long Press Handled: false
16:53:03 [DEBUG] (17) goxlr_daemon::device: Setting MicInputMute to 0
16:53:03 [DEBUG] (17) goxlr_daemon::device: IsStreamNoMusic: false
16:53:03 [DEBUG] (17) goxlr_daemon::device: Applying Routing to Microphone:
16:53:03 [DEBUG] (17) goxlr_daemon::tts: Received TTS Message: Mic unmuted
16:53:03 [DEBUG] (17) goxlr_daemon::device: Updating Mic volume from 176 to 16 as a human moved the fader
16:53:03 [DEBUG] (17) goxlr_daemon::device: Updating Mic volume from 16 to 65 as a human moved the fader
16:53:03 [DEBUG] (17) goxlr_daemon::device: Updating Mic volume from 65 to 119 as a human moved the fader
16:53:03 [DEBUG] (17) goxlr_daemon::device: Updating Mic volume from 119 to 170 as a human moved the fader
16:53:03 [DEBUG] (17) goxlr_daemon::device: Updating Mic volume from 170 to 185 as a human moved the fader
16:53:03 [DEBUG] (17) goxlr_daemon::device: Updating Mic volume from 185 to 173 as a human moved the fader
16:53:06 [DEBUG] (21) goxlr_daemon::device: Handling Button Down: Fader1Mute
16:53:06 [DEBUG] (21) goxlr_daemon::device: Handling Button Release: Fader1Mute, Has Long Press Handled: false
16:53:06 [DEBUG] (21) goxlr_daemon::device: IsStreamNoMusic: false
16:53:06 [DEBUG] (21) goxlr_daemon::device: Applying Routing to Microphone:
16:53:06 [DEBUG] (21) goxlr_daemon::tts: Received TTS Message: Mic Muted
16:53:06 [DEBUG] (21) goxlr_daemon::device: Updating Mic volume from 0 to 151 as a human moved the fader
16:53:06 [DEBUG] (17) goxlr_daemon::device: Updating Mic volume from 151 to 103 as a human moved the fader
16:53:06 [DEBUG] (17) goxlr_daemon::device: Updating Mic volume from 103 to 49 as a human moved the fader
16:53:06 [DEBUG] (17) goxlr_daemon::device: Updating Mic volume from 49 to 0 as a human moved the fader
16:53:06 [DEBUG] (17) goxlr_daemon::device: Updating Mic volume from 0 to 4 as a human moved the fader
16:53:06 [DEBUG] (17) goxlr_daemon::device: Updating Mic volume from 4 to 0 as a human moved the fader
16:53:06 [DEBUG] (21) goxlr_daemon::device: Handling Button Down: Fader1Mute
16:53:07 [DEBUG] (21) goxlr_daemon::device: Handling Button Release: Fader1Mute, Has Long Press Handled: false
16:53:07 [DEBUG] (21) goxlr_daemon::device: Setting MicInputMute to 0
16:53:07 [DEBUG] (21) goxlr_daemon::device: IsStreamNoMusic: false
16:53:07 [DEBUG] (21) goxlr_daemon::device: Applying Routing to Microphone:
16:53:07 [DEBUG] (21) goxlr_daemon::tts: Received TTS Message: Mic unmuted
16:53:07 [DEBUG] (21) goxlr_daemon::device: Updating Mic volume from 173 to 15 as a human moved the fader
16:53:07 [DEBUG] (21) goxlr_daemon::device: Updating Mic volume from 15 to 60 as a human moved the fader
16:53:07 [DEBUG] (21) goxlr_daemon::device: Updating Mic volume from 60 to 111 as a human moved the fader
16:53:07 [DEBUG] (21) goxlr_daemon::device: Updating Mic volume from 111 to 167 as a human moved the fader
16:53:07 [DEBUG] (21) goxlr_daemon::device: Updating Mic volume from 167 to 181 as a human moved the fader
16:53:07 [DEBUG] (21) goxlr_daemon::device: Updating Mic volume from 181 to 171 as a human moved the fader
16:53:07 [DEBUG] (21) goxlr_daemon::device: Updating Mic volume from 171 to 170 as a human moved the fader
16:53:07 [DEBUG] (21) goxlr_daemon::device: Updating System volume from 130 to 131 as a human moved the fader
16:53:07 [DEBUG] (21) goxlr_daemon::device: Handling Button Down: Fader2Mute
16:53:07 [DEBUG] (21) goxlr_daemon::device: Handling Button Release: Fader2Mute, Has Long Press Handled: false
16:53:07 [DEBUG] (21) goxlr_daemon::tts: Received TTS Message: Music Muted
16:53:07 [DEBUG] (21) goxlr_daemon::device: Updating Music volume from 0 to 183 as a human moved the fader
16:53:07 [DEBUG] (21) goxlr_usb::device::libusb::device: Response not arrived yet for GetButtonStates, sleeping and retrying (Attempt 1 of 20)
16:53:07 [DEBUG] (21) goxlr_daemon::device: Updating Music volume from 183 to 92 as a human moved the fader
16:53:07 [DEBUG] (21) goxlr_daemon::device: Updating Music volume from 92 to 63 as a human moved the fader
16:53:07 [DEBUG] (21) goxlr_daemon::device: Updating Music volume from 63 to 21 as a human moved the fader
16:53:07 [DEBUG] (21) goxlr_daemon::device: Updating Music volume from 21 to 0 as a human moved the fader
16:53:07 [DEBUG] (21) goxlr_daemon::device: Handling Button Down: Fader2Mute
16:53:07 [DEBUG] (21) goxlr_daemon::device: Handling Button Release: Fader2Mute, Has Long Press Handled: false
16:53:07 [DEBUG] (21) goxlr_daemon::device: Setting MicInputMute to 0
16:53:07 [DEBUG] (21) goxlr_daemon::tts: Received TTS Message: Music unmuted
16:53:07 [DEBUG] (17) goxlr_daemon::device: Updating Music volume from 195 to 6 as a human moved the fader
16:53:07 [DEBUG] (17) goxlr_daemon::device: Updating Music volume from 6 to 40 as a human moved the fader
16:53:07 [DEBUG] (17) goxlr_daemon::device: Updating Music volume from 40 to 94 as a human moved the fader
16:53:08 [DEBUG] (17) goxlr_daemon::device: Updating Music volume from 94 to 143 as a human moved the fader
16:53:08 [DEBUG] (17) goxlr_daemon::device: Updating Music volume from 143 to 191 as a human moved the fader
16:53:08 [DEBUG] (17) goxlr_daemon::device: Updating Music volume from 191 to 200 as a human moved the fader
16:53:08 [DEBUG] (17) goxlr_daemon::device: Updating Music volume from 200 to 195 as a human moved the fader
16:53:08 [DEBUG] (17) goxlr_daemon::device: Updating Music volume from 195 to 193 as a human moved the fader
16:53:13 [DEBUG] (17) goxlr_daemon::device: Handling Button Down: Fader1Mute
16:53:13 [DEBUG] (17) goxlr_daemon::device: Handling Button Release: Fader1Mute, Has Long Press Handled: false
16:53:13 [DEBUG] (17) goxlr_daemon::device: IsStreamNoMusic: false
16:53:13 [DEBUG] (17) goxlr_daemon::device: Applying Routing to Microphone:
16:53:13 [DEBUG] (17) goxlr_daemon::tts: Received TTS Message: Mic Muted
16:53:13 [DEBUG] (19) goxlr_daemon::device: Updating Mic volume from 0 to 115 as a human moved the fader
16:53:13 [DEBUG] (19) goxlr_daemon::device: Updating Mic volume from 115 to 57 as a human moved the fader
16:53:13 [DEBUG] (19) goxlr_daemon::device: Updating Mic volume from 57 to 6 as a human moved the fader
16:53:13 [DEBUG] (19) goxlr_daemon::device: Updating Mic volume from 6 to 4 as a human moved the fader
16:53:13 [DEBUG] (19) goxlr_daemon::device: Updating Mic volume from 4 to 0 as a human moved the fader
16:53:14 [DEBUG] (17) goxlr_daemon::device: Handling Button Down: Fader1Mute
16:53:14 [DEBUG] (17) goxlr_daemon::device: Handling Button Release: Fader1Mute, Has Long Press Handled: false
16:53:14 [DEBUG] (17) goxlr_daemon::device: Setting MicInputMute to 0
16:53:14 [DEBUG] (17) goxlr_daemon::device: IsStreamNoMusic: false
16:53:14 [DEBUG] (17) goxlr_daemon::device: Applying Routing to Microphone:
16:53:14 [DEBUG] (17) goxlr_daemon::tts: Received TTS Message: Mic unmuted
16:53:14 [DEBUG] (17) goxlr_daemon::device: Updating Mic volume from 170 to 20 as a human moved the fader
16:53:14 [DEBUG] (17) goxlr_daemon::device: Updating Mic volume from 20 to 68 as a human moved the fader
16:53:14 [DEBUG] (17) goxlr_daemon::device: Updating Mic volume from 68 to 126 as a human moved the fader
16:53:14 [DEBUG] (17) goxlr_daemon::device: Updating Mic volume from 126 to 171 as a human moved the fader
16:53:14 [DEBUG] (17) goxlr_daemon::device: Updating Mic volume from 171 to 176 as a human moved the fader
16:53:14 [DEBUG] (17) goxlr_daemon::device: Updating Mic volume from 176 to 167 as a human moved the fader
16:53:18 [DEBUG] (17) goxlr_daemon::device: Handling Button Down: Fader2Mute
16:53:18 [DEBUG] (19) goxlr_daemon::device: Handling Button Release: Fader2Mute, Has Long Press Handled: false
16:53:18 [DEBUG] (19) goxlr_daemon::tts: Received TTS Message: Music Muted
16:53:18 [DEBUG] (19) goxlr_daemon::device: Updating Music volume from 0 to 181 as a human moved the fader
16:53:18 [DEBUG] (19) goxlr_daemon::device: Updating Music volume from 181 to 138 as a human moved the fader
16:53:18 [DEBUG] (19) goxlr_daemon::device: Updating Music volume from 138 to 82 as a human moved the fader
16:53:18 [DEBUG] (19) goxlr_daemon::device: Updating Music volume from 82 to 28 as a human moved the fader
16:53:18 [DEBUG] (19) goxlr_daemon::device: Updating Music volume from 28 to 0 as a human moved the fader
16:53:18 [DEBUG] (19) goxlr_daemon::device: Handling Button Down: Fader2Mute
16:53:18 [DEBUG] (19) goxlr_daemon::device: Handling Button Release: Fader2Mute, Has Long Press Handled: false
16:53:18 [DEBUG] (19) goxlr_daemon::device: Setting MicInputMute to 0
16:53:18 [DEBUG] (19) goxlr_daemon::tts: Received TTS Message: Music unmuted
16:53:18 [DEBUG] (19) goxlr_daemon::device: Updating Music volume from 193 to 7 as a human moved the fader
16:53:18 [DEBUG] (19) goxlr_daemon::device: Updating Music volume from 7 to 41 as a human moved the fader
16:53:18 [DEBUG] (19) goxlr_daemon::device: Updating Music volume from 41 to 89 as a human moved the fader
16:53:18 [DEBUG] (19) goxlr_daemon::device: Updating Music volume from 89 to 138 as a human moved the fader
16:53:18 [DEBUG] (19) goxlr_daemon::device: Updating Music volume from 138 to 191 as a human moved the fader
16:53:18 [DEBUG] (19) goxlr_daemon::device: Updating Music volume from 191 to 197 as a human moved the fader
16:53:18 [DEBUG] (19) goxlr_daemon::device: Updating Music volume from 197 to 193 as a human moved the fader
16:53:19 [DEBUG] (19) goxlr_daemon::device: Handling Button Down: Fader1Mute
16:53:19 [DEBUG] (19) goxlr_daemon::device: Handling Button Release: Fader1Mute, Has Long Press Handled: false
16:53:19 [DEBUG] (19) goxlr_daemon::device: IsStreamNoMusic: false
16:53:19 [DEBUG] (19) goxlr_daemon::device: Applying Routing to Microphone:
16:53:19 [DEBUG] (19) goxlr_daemon::tts: Received TTS Message: Mic Muted
16:53:19 [DEBUG] (19) goxlr_daemon::device: Updating Mic volume from 0 to 145 as a human moved the fader
16:53:19 [DEBUG] (19) goxlr_daemon::device: Updating Mic volume from 145 to 95 as a human moved the fader
16:53:19 [DEBUG] (19) goxlr_daemon::device: Updating Mic volume from 95 to 38 as a human moved the fader
16:53:19 [DEBUG] (19) goxlr_daemon::device: Updating Mic volume from 38 to 0 as a human moved the fader
16:53:19 [DEBUG] (19) goxlr_daemon::device: Updating Mic volume from 0 to 4 as a human moved the fader
16:53:19 [DEBUG] (19) goxlr_daemon::device: Updating Mic volume from 4 to 0 as a human moved the fader
16:53:19 [DEBUG] (19) goxlr_daemon::device: Updating Music volume from 193 to 192 as a human moved the fader
16:53:19 [DEBUG] (21) goxlr_daemon::device: Handling Button Down: Fader1Mute
16:53:19 [DEBUG] (21) goxlr_daemon::device: Handling Button Release: Fader1Mute, Has Long Press Handled: false
16:53:19 [DEBUG] (21) goxlr_daemon::device: Setting MicInputMute to 0
16:53:19 [DEBUG] (21) goxlr_daemon::device: IsStreamNoMusic: false
16:53:19 [DEBUG] (21) goxlr_daemon::device: Applying Routing to Microphone:
16:53:19 [DEBUG] (21) goxlr_daemon::tts: Received TTS Message: Mic unmuted
16:53:19 [DEBUG] (21) goxlr_daemon::device: Updating Mic volume from 167 to 18 as a human moved the fader
16:53:19 [DEBUG] (19) goxlr_daemon::device: Updating Mic volume from 18 to 62 as a human moved the fader
16:53:19 [DEBUG] (19) goxlr_daemon::device: Updating Mic volume from 62 to 120 as a human moved the fader
16:53:19 [DEBUG] (19) goxlr_daemon::device: Updating Mic volume from 120 to 167 as a human moved the fader
16:53:19 [DEBUG] (19) goxlr_daemon::device: Updating Mic volume from 167 to 175 as a human moved the fader
16:53:19 [DEBUG] (19) goxlr_daemon::device: Updating Mic volume from 175 to 164 as a human moved the fader
16:53:20 [DEBUG] (19) goxlr_daemon::device: Handling Button Down: Fader1Mute
16:53:20 [DEBUG] (19) goxlr_daemon::device: Handling Button Release: Fader1Mute, Has Long Press Handled: false
16:53:20 [DEBUG] (19) goxlr_daemon::device: IsStreamNoMusic: false
16:53:20 [DEBUG] (19) goxlr_daemon::device: Applying Routing to Microphone:
16:53:20 [DEBUG] (19) goxlr_daemon::tts: Received TTS Message: Mic Muted
16:53:20 [DEBUG] (19) goxlr_daemon::device: Updating Mic volume from 0 to 133 as a human moved the fader
16:53:20 [DEBUG] (21) goxlr_daemon::device: Updating Mic volume from 133 to 83 as a human moved the fader
16:53:20 [DEBUG] (21) goxlr_daemon::device: Updating Mic volume from 83 to 26 as a human moved the fader
16:53:20 [DEBUG] (21) goxlr_daemon::device: Updating Mic volume from 26 to 0 as a human moved the fader
16:53:20 [DEBUG] (21) goxlr_daemon::device: Updating Mic volume from 0 to 5 as a human moved the fader
16:53:20 [DEBUG] (21) goxlr_daemon::device: Updating Mic volume from 5 to 0 as a human moved the fader
16:53:20 [DEBUG] (19) goxlr_daemon::device: Updating Mic volume from 0 to 7 as a human moved the fader
16:53:20 [DEBUG] (19) goxlr_daemon::device: Updating Mic volume from 7 to 19 as a human moved the fader
16:53:20 [DEBUG] (19) goxlr_daemon::device: Updating Mic volume from 19 to 36 as a human moved the fader
16:53:20 [DEBUG] (19) goxlr_daemon::device: Updating Mic volume from 36 to 51 as a human moved the fader
16:53:20 [DEBUG] (19) goxlr_daemon::device: Updating Mic volume from 51 to 65 as a human moved the fader
16:53:20 [DEBUG] (19) goxlr_daemon::device: Updating Mic volume from 65 to 75 as a human moved the fader
16:53:20 [DEBUG] (19) goxlr_daemon::device: Updating Mic volume from 75 to 83 as a human moved the fader
16:53:20 [DEBUG] (19) goxlr_daemon::device: Updating Mic volume from 83 to 94 as a human moved the fader
16:53:20 [DEBUG] (19) goxlr_daemon::device: Updating Mic volume from 94 to 104 as a human moved the fader
16:53:21 [DEBUG] (19) goxlr_daemon::device: Updating Mic volume from 104 to 112 as a human moved the fader
16:53:21 [DEBUG] (19) goxlr_daemon::device: Updating Mic volume from 112 to 120 as a human moved the fader
16:53:21 [DEBUG] (19) goxlr_daemon::device: Updating Mic volume from 120 to 126 as a human moved the fader
16:53:21 [DEBUG] (19) goxlr_daemon::device: Updating Mic volume from 126 to 133 as a human moved the fader
16:53:21 [DEBUG] (19) goxlr_daemon::device: Updating Mic volume from 133 to 139 as a human moved the fader
16:53:21 [DEBUG] (19) goxlr_daemon::device: Updating Mic volume from 139 to 141 as a human moved the fader
16:53:21 [DEBUG] (21) goxlr_daemon::device: Updating Mic volume from 141 to 145 as a human moved the fader
16:53:21 [DEBUG] (21) goxlr_daemon::device: Updating Mic volume from 145 to 147 as a human moved the fader
16:53:21 [DEBUG] (21) goxlr_daemon::device: Updating Mic volume from 147 to 149 as a human moved the fader
16:53:21 [DEBUG] (21) goxlr_daemon::device: Updating Mic volume from 149 to 151 as a human moved the fader
16:53:21 [DEBUG] (21) goxlr_daemon::device: Updating Mic volume from 151 to 153 as a human moved the fader
16:53:21 [DEBUG] (21) goxlr_daemon::device: Updating Mic volume from 153 to 151 as a human moved the fader
16:53:21 [DEBUG] (21) goxlr_daemon::device: Updating Mic volume from 151 to 147 as a human moved the fader
16:53:21 [DEBUG] (21) goxlr_daemon::device: Updating Mic volume from 147 to 145 as a human moved the fader
16:53:21 [DEBUG] (21) goxlr_daemon::device: Updating Mic volume from 145 to 141 as a human moved the fader
16:53:21 [DEBUG] (21) goxlr_daemon::device: Updating Mic volume from 141 to 139 as a human moved the fader
16:53:21 [DEBUG] (21) goxlr_daemon::device: Updating Mic volume from 139 to 137 as a human moved the fader
16:53:22 [DEBUG] (21) goxlr_daemon::device: Handling Button Down: Fader1Mute
16:53:22 [DEBUG] (21) goxlr_daemon::device: Handling Button Release: Fader1Mute, Has Long Press Handled: false
16:53:22 [DEBUG] (21) goxlr_daemon::device: Setting MicInputMute to 0
16:53:22 [DEBUG] (21) goxlr_daemon::device: IsStreamNoMusic: false
16:53:22 [DEBUG] (21) goxlr_daemon::device: Applying Routing to Microphone:
16:53:22 [DEBUG] (21) goxlr_daemon::tts: Received TTS Message: Mic unmuted
16:53:22 [DEBUG] (19) goxlr_daemon::device: Updating Mic volume from 164 to 159 as a human moved the fader
16:53:22 [DEBUG] (19) goxlr_daemon::device: Updating Mic volume from 159 to 167 as a human moved the fader
16:53:22 [DEBUG] (19) goxlr_daemon::device: Updating Mic volume from 167 to 164 as a human moved the fader
16:53:23 [DEBUG] (21) goxlr_daemon::device: Handling Button Down: Fader1Mute
16:53:23 [DEBUG] (21) goxlr_daemon::device: Handling Button Release: Fader1Mute, Has Long Press Handled: false
16:53:23 [DEBUG] (21) goxlr_daemon::device: IsStreamNoMusic: false
16:53:23 [DEBUG] (21) goxlr_daemon::device: Applying Routing to Microphone:
16:53:23 [DEBUG] (21) goxlr_daemon::tts: Received TTS Message: Mic Muted
16:53:23 [DEBUG] (21) goxlr_daemon::device: Updating Mic volume from 0 to 139 as a human moved the fader
16:53:23 [DEBUG] (21) goxlr_daemon::device: Updating Mic volume from 139 to 86 as a human moved the fader
16:53:23 [DEBUG] (21) goxlr_daemon::device: Updating Mic volume from 86 to 30 as a human moved the fader
16:53:23 [DEBUG] (21) goxlr_daemon::device: Updating Mic volume from 30 to 0 as a human moved the fader
16:53:23 [DEBUG] (21) goxlr_daemon::device: Updating Mic volume from 0 to 5 as a human moved the fader
16:53:23 [DEBUG] (21) goxlr_daemon::device: Updating Mic volume from 5 to 0 as a human moved the fader
16:53:23 [DEBUG] (19) goxlr_daemon::device: Handling Button Down: Fader1Mute
16:53:23 [DEBUG] (19) goxlr_daemon::device: Handling Button Release: Fader1Mute, Has Long Press Handled: false
16:53:23 [DEBUG] (19) goxlr_daemon::device: Setting MicInputMute to 0
16:53:23 [DEBUG] (19) goxlr_daemon::device: IsStreamNoMusic: false
16:53:23 [DEBUG] (19) goxlr_daemon::device: Applying Routing to Microphone:
16:53:23 [DEBUG] (19) goxlr_daemon::tts: Received TTS Message: Mic unmuted
16:53:23 [DEBUG] (19) goxlr_daemon::device: Updating Mic volume from 164 to 14 as a human moved the fader
16:53:24 [DEBUG] (19) goxlr_daemon::device: Updating Mic volume from 14 to 60 as a human moved the fader
16:53:24 [DEBUG] (19) goxlr_daemon::device: Updating Mic volume from 60 to 111 as a human moved the fader
16:53:24 [DEBUG] (19) goxlr_daemon::device: Updating Mic volume from 111 to 161 as a human moved the fader
16:53:24 [DEBUG] (19) goxlr_daemon::device: Updating Mic volume from 161 to 173 as a human moved the fader
16:53:24 [DEBUG] (19) goxlr_daemon::device: Updating Mic volume from 173 to 162 as a human moved the fader
16:53:41 [DEBUG] (21) goxlr_daemon::device: Handling Button Down: Fader1Mute
16:53:41 [DEBUG] (21) goxlr_daemon::device: Handling Button Release: Fader1Mute, Has Long Press Handled: false
16:53:41 [DEBUG] (21) goxlr_daemon::device: IsStreamNoMusic: false
16:53:41 [DEBUG] (21) goxlr_daemon::device: Applying Routing to Microphone:
16:53:41 [DEBUG] (21) goxlr_daemon::tts: Received TTS Message: Mic Muted
16:53:41 [DEBUG] (21) goxlr_daemon::device: Updating Mic volume from 0 to 142 as a human moved the fader
16:53:41 [DEBUG] (19) goxlr_daemon::device: Updating Mic volume from 142 to 91 as a human moved the fader
16:53:41 [DEBUG] (19) goxlr_daemon::device: Updating Mic volume from 91 to 33 as a human moved the fader
16:53:41 [DEBUG] (19) goxlr_daemon::device: Updating Mic volume from 33 to 0 as a human moved the fader
16:53:41 [DEBUG] (19) goxlr_daemon::device: Updating Mic volume from 0 to 4 as a human moved the fader
16:53:41 [DEBUG] (19) goxlr_daemon::device: Updating Mic volume from 4 to 0 as a human moved the fader
16:53:41 [DEBUG] (19) goxlr_daemon::device: Handling Button Down: Fader1Mute
16:53:41 [DEBUG] (19) goxlr_daemon::device: Handling Button Release: Fader1Mute, Has Long Press Handled: false
16:53:41 [DEBUG] (19) goxlr_daemon::device: Setting MicInputMute to 0
16:53:41 [DEBUG] (19) goxlr_daemon::device: IsStreamNoMusic: false
16:53:41 [DEBUG] (19) goxlr_daemon::device: Applying Routing to Microphone:
16:53:41 [DEBUG] (19) goxlr_daemon::tts: Received TTS Message: Mic unmuted
16:53:41 [DEBUG] (19) goxlr_daemon::device: Updating Mic volume from 162 to 18 as a human moved the fader
16:53:41 [DEBUG] (19) goxlr_daemon::device: Updating Mic volume from 18 to 66 as a human moved the fader
16:53:41 [DEBUG] (19) goxlr_daemon::device: Updating Mic volume from 66 to 121 as a human moved the fader
16:53:41 [DEBUG] (19) goxlr_daemon::device: Updating Mic volume from 121 to 165 as a human moved the fader
16:53:41 [DEBUG] (19) goxlr_daemon::device: Updating Mic volume from 165 to 168 as a human moved the fader
16:53:41 [DEBUG] (19) goxlr_daemon::device: Updating Mic volume from 168 to 160 as a human moved the fader
16:53:42 [DEBUG] (17) goxlr_daemon::device: Handling Button Down: Fader1Mute
16:53:42 [DEBUG] (17) goxlr_daemon::device: Handling Button Release: Fader1Mute, Has Long Press Handled: false
16:53:42 [DEBUG] (17) goxlr_daemon::device: IsStreamNoMusic: false
16:53:42 [DEBUG] (17) goxlr_daemon::device: Applying Routing to Microphone:
16:53:42 [DEBUG] (17) goxlr_daemon::tts: Received TTS Message: Mic Muted
16:53:42 [DEBUG] (17) goxlr_daemon::device: Updating Mic volume from 0 to 138 as a human moved the fader
16:53:42 [DEBUG] (19) goxlr_daemon::device: Updating Mic volume from 138 to 85 as a human moved the fader
16:53:42 [DEBUG] (17) goxlr_daemon::device: Updating Mic volume from 85 to 31 as a human moved the fader
16:53:42 [DEBUG] (17) goxlr_daemon::device: Updating Mic volume from 31 to 0 as a human moved the fader
16:53:42 [DEBUG] (17) goxlr_daemon::device: Updating Mic volume from 0 to 4 as a human moved the fader
16:53:42 [DEBUG] (17) goxlr_daemon::device: Handling Button Down: Fader1Mute
16:53:42 [DEBUG] (17) goxlr_daemon::device: Updating Mic volume from 4 to 0 as a human moved the fader
16:53:42 [DEBUG] (17) goxlr_daemon::device: Handling Button Release: Fader1Mute, Has Long Press Handled: false
16:53:42 [DEBUG] (17) goxlr_daemon::device: Setting MicInputMute to 0
16:53:42 [DEBUG] (17) goxlr_daemon::device: IsStreamNoMusic: false
16:53:42 [DEBUG] (17) goxlr_daemon::device: Applying Routing to Microphone:
16:53:42 [DEBUG] (17) goxlr_daemon::tts: Received TTS Message: Mic unmuted
16:53:42 [DEBUG] (17) goxlr_daemon::device: Updating Mic volume from 160 to 22 as a human moved the fader
16:53:42 [DEBUG] (17) goxlr_daemon::device: Updating Mic volume from 22 to 69 as a human moved the fader
16:53:42 [DEBUG] (17) goxlr_daemon::device: Updating Mic volume from 69 to 125 as a human moved the fader
16:53:42 [DEBUG] (17) goxlr_daemon::device: Updating Mic volume from 125 to 165 as a human moved the fader
16:53:42 [DEBUG] (17) goxlr_daemon::device: Updating Mic volume from 165 to 163 as a human moved the fader
16:53:42 [DEBUG] (17) goxlr_daemon::device: Updating Mic volume from 163 to 157 as a human moved the fader
16:53:42 [DEBUG] (21) goxlr_daemon::device: Handling Button Down: Fader1Mute
16:53:42 [DEBUG] (21) goxlr_daemon::device: Handling Button Release: Fader1Mute, Has Long Press Handled: false
16:53:42 [DEBUG] (21) goxlr_daemon::device: IsStreamNoMusic: false
16:53:42 [DEBUG] (21) goxlr_daemon::device: Applying Routing to Microphone:
16:53:42 [DEBUG] (21) goxlr_daemon::tts: Received TTS Message: Mic Muted
16:53:42 [DEBUG] (21) goxlr_daemon::device: Updating Mic volume from 0 to 136 as a human moved the fader
16:53:42 [DEBUG] (17) goxlr_daemon::device: Updating Mic volume from 136 to 82 as a human moved the fader
16:53:42 [DEBUG] (17) goxlr_daemon::device: Updating Mic volume from 82 to 30 as a human moved the fader
16:53:42 [DEBUG] (17) goxlr_daemon::device: Updating Mic volume from 30 to 0 as a human moved the fader
16:53:42 [DEBUG] (17) goxlr_daemon::device: Updating Mic volume from 0 to 5 as a human moved the fader
16:53:42 [DEBUG] (17) goxlr_daemon::device: Updating Mic volume from 5 to 0 as a human moved the fader
16:53:43 [DEBUG] (21) goxlr_daemon::device: Updating Mic volume from 0 to 9 as a human moved the fader
16:53:43 [DEBUG] (21) goxlr_daemon::device: Updating Mic volume from 9 to 19 as a human moved the fader
16:53:43 [DEBUG] (21) goxlr_daemon::device: Updating Mic volume from 19 to 29 as a human moved the fader
16:53:43 [DEBUG] (21) goxlr_daemon::device: Updating Mic volume from 29 to 35 as a human moved the fader
16:53:43 [DEBUG] (21) goxlr_daemon::device: Updating Mic volume from 35 to 46 as a human moved the fader
16:53:43 [DEBUG] (21) goxlr_daemon::device: Updating Mic volume from 46 to 54 as a human moved the fader
16:53:43 [DEBUG] (21) goxlr_daemon::device: Updating Mic volume from 54 to 62 as a human moved the fader
16:53:43 [DEBUG] (21) goxlr_daemon::device: Updating Mic volume from 62 to 72 as a human moved the fader
16:53:43 [DEBUG] (21) goxlr_daemon::device: Updating Mic volume from 72 to 82 as a human moved the fader
16:53:43 [DEBUG] (21) goxlr_daemon::device: Updating Mic volume from 82 to 93 as a human moved the fader
16:53:43 [DEBUG] (21) goxlr_daemon::device: Updating Mic volume from 93 to 103 as a human moved the fader
16:53:43 [DEBUG] (21) goxlr_daemon::device: Updating Mic volume from 103 to 113 as a human moved the fader
16:53:43 [DEBUG] (21) goxlr_daemon::device: Updating Mic volume from 113 to 121 as a human moved the fader
16:53:43 [DEBUG] (21) goxlr_daemon::device: Updating Mic volume from 121 to 130 as a human moved the fader
16:53:43 [DEBUG] (21) goxlr_daemon::device: Updating Mic volume from 130 to 136 as a human moved the fader
16:53:43 [DEBUG] (21) goxlr_daemon::device: Updating Mic volume from 136 to 140 as a human moved the fader
16:53:43 [DEBUG] (21) goxlr_daemon::device: Updating Mic volume from 140 to 144 as a human moved the fader
16:53:43 [DEBUG] (21) goxlr_daemon::device: Updating Mic volume from 144 to 148 as a human moved the fader
16:53:44 [DEBUG] (21) goxlr_daemon::device: Updating Mic volume from 148 to 149 as a human moved the fader
16:53:44 [DEBUG] (19) goxlr_daemon::device: Handling Button Down: Fader1Mute
16:53:44 [DEBUG] (19) goxlr_daemon::device: Handling Button Release: Fader1Mute, Has Long Press Handled: false
16:53:44 [DEBUG] (19) goxlr_daemon::device: Setting MicInputMute to 0
16:53:44 [DEBUG] (19) goxlr_daemon::device: IsStreamNoMusic: false
16:53:44 [DEBUG] (19) goxlr_daemon::device: Applying Routing to Microphone:
16:53:44 [DEBUG] (19) goxlr_daemon::tts: Received TTS Message: Mic unmuted
16:53:44 [DEBUG] (19) goxlr_daemon::device: Updating Mic volume from 157 to 149 as a human moved the fader
16:53:44 [DEBUG] (21) goxlr_daemon::device: Updating Mic volume from 149 to 155 as a human moved the fader
16:53:44 [DEBUG] (21) goxlr_daemon::device: Updating Mic volume from 155 to 158 as a human moved the fader
16:53:45 [DEBUG] (21) goxlr_daemon::device: Handling Button Down: Fader1Mute
16:53:45 [DEBUG] (21) goxlr_daemon::device: Handling Button Release: Fader1Mute, Has Long Press Handled: false
16:53:45 [DEBUG] (21) goxlr_daemon::device: IsStreamNoMusic: false
16:53:45 [DEBUG] (21) goxlr_daemon::device: Applying Routing to Microphone:
16:53:45 [DEBUG] (21) goxlr_daemon::tts: Received TTS Message: Mic Muted
16:53:45 [DEBUG] (21) goxlr_daemon::device: Updating Mic volume from 0 to 134 as a human moved the fader
16:53:45 [DEBUG] (21) goxlr_daemon::device: Updating Mic volume from 134 to 80 as a human moved the fader
16:53:45 [DEBUG] (21) goxlr_daemon::device: Updating Mic volume from 80 to 27 as a human moved the fader
16:53:45 [DEBUG] (21) goxlr_daemon::device: Updating Mic volume from 27 to 0 as a human moved the fader
16:53:45 [DEBUG] (21) goxlr_daemon::device: Updating Mic volume from 0 to 4 as a human moved the fader
16:53:45 [DEBUG] (21) goxlr_daemon::device: Updating Mic volume from 4 to 0 as a human moved the fader
16:53:45 [DEBUG] (19) goxlr_daemon::device: Handling Button Down: Fader1Mute
16:53:45 [DEBUG] (19) goxlr_daemon::device: Handling Button Release: Fader1Mute, Has Long Press Handled: false
16:53:45 [DEBUG] (19) goxlr_daemon::device: Setting MicInputMute to 0
16:53:45 [DEBUG] (19) goxlr_daemon::device: IsStreamNoMusic: false
16:53:45 [DEBUG] (19) goxlr_daemon::device: Applying Routing to Microphone:
16:53:45 [DEBUG] (19) goxlr_daemon::tts: Received TTS Message: Mic unmuted
16:53:45 [DEBUG] (19) goxlr_daemon::device: Updating Mic volume from 158 to 19 as a human moved the fader
16:53:45 [DEBUG] (21) goxlr_daemon::device: Updating Mic volume from 19 to 69 as a human moved the fader
16:53:45 [DEBUG] (21) goxlr_daemon::device: Updating Mic volume from 69 to 123 as a human moved the fader
16:53:45 [DEBUG] (21) goxlr_daemon::device: Updating Mic volume from 123 to 161 as a human moved the fader
16:53:45 [DEBUG] (21) goxlr_daemon::device: Updating Mic volume from 161 to 162 as a human moved the fader
16:53:45 [DEBUG] (21) goxlr_daemon::device: Updating Mic volume from 162 to 156 as a human moved the fader
16:53:55 [DEBUG] (17) goxlr_daemon::profile: Loading Profile From /home/gaz/.local/share/goxlr-utility/profiles/Default.goxlr
16:53:55 [DEBUG] (17) goxlr_profile_loader::profile: Loading Profile Archive..
16:53:55 [DEBUG] (17) goxlr_profile_loader::profile: Attempting to read profile.xml..
16:53:55 [DEBUG] (17) goxlr_profile_loader::profile: Preparing Structure..
16:53:55 [DEBUG] (17) goxlr_profile_loader::profile: MixRoutingTree { mix: {Headphones: A, Broadcast: B, LineOut: A, ChatMic: A, Sampler: A, StreamMix2: A} }
16:53:55 [DEBUG] (17) goxlr_profile_loader::profile: SubMixer { submix_enabled: true, volume_table: {Mic: 181, Chat: 116, Music: 195, Game: 128, Console: 128, LineIn: 128, System: 105, Sample: 254}, monitor_tree: MonitorTree { monitored_output: Headphones, headphone_mix: A, routing: {Mic: 8192, Chat: 8192, Music: 8192, Game: 8192, Console: 8192, LineIn: 8192, System: 8192, Sample: 8192} }, linking_tree: LinkingTree { linked_list: {Mic: true, Chat: true, Music: true, Game: true, Console: true, LineIn: true, System: false, Sample: true}, linked_ratio: {Mic: 1.0, Chat: 1.0, Music: 1.0, Game: 1.0, Console: 1.0, LineIn: 1.0, System: 1.0, Sample: 1.0} } }
16:53:55 [DEBUG] (17) goxlr_daemon::device: Profile Successfully Loaded, Performing Backup..
16:53:55 [DEBUG] (17) goxlr_profile_loader::profile: Creating Temporary Save File: "/home/gaz/.local/share/goxlr-utility/backups/Default.tmp"
16:53:55 [DEBUG] (17) goxlr_profile_loader::profile: Save Complete and synced, renaming to "/home/gaz/.local/share/goxlr-utility/backups/Default.goxlr"
16:53:55 [DEBUG] (17) goxlr_profile_loader::profile: Target profile exists, removing..
16:53:55 [DEBUG] (17) goxlr_profile_loader::profile: Renaming "/home/gaz/.local/share/goxlr-utility/backups/Default.tmp" to "/home/gaz/.local/share/goxlr-utility/backups/Default.goxlr"
16:53:55 [DEBUG] (17) goxlr_daemon::device: Backup Complete
16:53:55 [DEBUG] (17) goxlr_daemon::device: Applying Profile..
16:53:55 [DEBUG] (17) goxlr_daemon::device: Setting Faders..
16:53:55 [DEBUG] (17) goxlr_daemon::device: Setting Fader A to Mic
16:53:55 [DEBUG] (17) goxlr_daemon::device: Setting Fader B to Music
16:53:55 [DEBUG] (17) goxlr_daemon::device: Setting Fader C to Chat
16:53:55 [DEBUG] (17) goxlr_daemon::device: Setting Fader D to System
16:53:55 [DEBUG] (17) goxlr_daemon::device: Setting Mute States..
16:53:55 [DEBUG] (17) goxlr_daemon::device: Applying Microphone Mute State
16:53:55 [DEBUG] (17) goxlr_daemon::device: Setting Mic to Unmuted
16:53:55 [DEBUG] (17) goxlr_daemon::device: Channel System on Fader, Loading State from Profile
16:53:55 [DEBUG] (17) goxlr_daemon::device: Channel D already Unmuted, doing nothing.
16:53:55 [DEBUG] (17) goxlr_daemon::device: Channel Chat on Fader, Loading State from Profile
16:53:55 [DEBUG] (17) goxlr_daemon::device: Channel C already Unmuted, doing nothing.
16:53:55 [DEBUG] (17) goxlr_daemon::device: Channel Music on Fader, Loading State from Profile
16:53:55 [DEBUG] (17) goxlr_daemon::device: Channel B already Unmuted, doing nothing.
16:53:55 [DEBUG] (17) goxlr_daemon::device: Setting Channel Volumes..
16:53:55 [DEBUG] (17) goxlr_daemon::device: Setting volume for Mic to 181
16:53:55 [DEBUG] (17) goxlr_daemon::device: Setting volume for LineIn to 128
16:53:55 [DEBUG] (17) goxlr_daemon::device: Setting volume for Console to 128
16:53:55 [DEBUG] (17) goxlr_daemon::device: Setting volume for System to 133
16:53:55 [DEBUG] (17) goxlr_daemon::device: Setting volume for Game to 128
16:53:55 [DEBUG] (17) goxlr_daemon::device: Setting volume for Chat to 116
16:53:55 [DEBUG] (17) goxlr_daemon::device: Setting volume for Sample to 254
16:53:55 [DEBUG] (17) goxlr_daemon::device: Setting volume for Music to 195
16:53:55 [DEBUG] (17) goxlr_daemon::device: Setting volume for MicMonitor to 140
16:53:55 [DEBUG] (17) goxlr_daemon::device: Setting volume for Headphones to 255
16:53:55 [DEBUG] (17) goxlr_daemon::device: Setting volume for LineOut to 122
16:53:55 [DEBUG] (17) goxlr_daemon::device: Applying Submixing Settings..
16:53:55 [DEBUG] (17) goxlr_daemon::device: IsStreamNoMusic: false
16:53:55 [DEBUG] (17) goxlr_daemon::device: IsStreamNoMusic: false
16:53:55 [DEBUG] (17) goxlr_daemon::device: IsStreamNoMusic: false
16:53:55 [DEBUG] (17) goxlr_daemon::device: IsStreamNoMusic: false
16:53:55 [DEBUG] (17) goxlr_daemon::device: Setting Sub Mix volume for Mic to 181
16:53:55 [DEBUG] (17) goxlr_daemon::device: Setting Sub Mix volume for LineIn to 128
16:53:55 [DEBUG] (17) goxlr_daemon::device: Setting Sub Mix volume for Console to 128
16:53:55 [DEBUG] (17) goxlr_daemon::device: Setting Sub Mix volume for System to 105
16:53:55 [DEBUG] (17) goxlr_daemon::device: Setting Sub Mix volume for Game to 128
16:53:55 [DEBUG] (17) goxlr_daemon::device: Setting Sub Mix volume for Chat to 116
16:53:55 [DEBUG] (17) goxlr_daemon::device: Setting Sub Mix volume for Sample to 254
16:53:55 [DEBUG] (17) goxlr_daemon::device: Setting Sub Mix volume for Music to 195
16:53:55 [DEBUG] (17) goxlr_daemon::device: Loading Colour Map..
16:53:55 [DEBUG] (17) goxlr_daemon::device: Setting Fader display modes..
16:53:55 [DEBUG] (17) goxlr_daemon::device: Setting display for A
16:53:55 [DEBUG] (17) goxlr_daemon::device: Setting display for B
16:53:55 [DEBUG] (17) goxlr_daemon::device: Setting display for C
16:53:55 [DEBUG] (17) goxlr_daemon::device: Setting display for D
16:53:55 [DEBUG] (17) goxlr_daemon::device: Updating button states..
16:53:55 [DEBUG] (17) goxlr_daemon::device: Applying Routing..
16:53:55 [DEBUG] (17) goxlr_daemon::device: IsStreamNoMusic: false
16:53:55 [DEBUG] (17) goxlr_daemon::device: Applying Routing to Microphone:
16:53:55 [DEBUG] (17) goxlr_daemon::device: IsStreamNoMusic: false
16:53:55 [DEBUG] (17) goxlr_daemon::device: Applying Routing to Chat:
16:53:55 [DEBUG] (17) goxlr_daemon::device: IsStreamNoMusic: false
16:53:55 [DEBUG] (17) goxlr_daemon::device: Applying Routing to Music:
16:53:55 [DEBUG] (17) goxlr_daemon::device: Light HardTune Enabled for Channel: Music
16:53:55 [DEBUG] (17) goxlr_daemon::device: IsStreamNoMusic: false
16:53:55 [DEBUG] (17) goxlr_daemon::device: Applying Routing to Game:
16:53:55 [DEBUG] (17) goxlr_daemon::device: Light HardTune Enabled for Channel: Game
16:53:55 [DEBUG] (17) goxlr_daemon::device: IsStreamNoMusic: false
16:53:55 [DEBUG] (17) goxlr_daemon::device: Applying Routing to Console:
16:53:55 [DEBUG] (17) goxlr_daemon::device: IsStreamNoMusic: false
16:53:55 [DEBUG] (17) goxlr_daemon::device: Applying Routing to LineIn:
16:53:55 [DEBUG] (17) goxlr_daemon::device: Light HardTune Enabled for Channel: LineIn
16:53:55 [DEBUG] (17) goxlr_daemon::device: IsStreamNoMusic: false
16:53:55 [DEBUG] (17) goxlr_daemon::device: Applying Routing to System:
16:53:55 [DEBUG] (17) goxlr_daemon::device: Light HardTune Enabled for Channel: System
16:53:55 [DEBUG] (17) goxlr_daemon::device: IsStreamNoMusic: false
16:53:55 [DEBUG] (17) goxlr_daemon::device: Applying Routing to Samples:
16:53:55 [DEBUG] (17) goxlr_daemon::device: Applying Voice FX
16:53:55 [DEBUG] (17) goxlr_daemon::device: Setting ReverbAmount to -36
16:53:55 [DEBUG] (17) goxlr_daemon::device: Setting ReverbType to 5
16:53:55 [DEBUG] (17) goxlr_daemon::device: Setting ReverbDecay to 96
16:53:55 [DEBUG] (17) goxlr_daemon::device: Setting ReverbPredelay to 0
16:53:55 [DEBUG] (17) goxlr_daemon::device: Setting ReverbDiffuse to -50
16:53:55 [DEBUG] (17) goxlr_daemon::device: Setting ReverbLowColor to 0
16:53:55 [DEBUG] (17) goxlr_daemon::device: Setting ReverbHighColor to -50
16:53:55 [DEBUG] (17) goxlr_daemon::device: Setting ReverbHighFactor to -25
16:53:55 [DEBUG] (17) goxlr_daemon::device: Setting ReverbModSpeed to -25
16:53:55 [DEBUG] (17) goxlr_daemon::device: Setting ReverbModDepth to -25
16:53:55 [DEBUG] (17) goxlr_daemon::device: Setting ReverbEarlyLevel to -25
16:53:55 [DEBUG] (17) goxlr_daemon::device: Setting ReverbTailLevel to 0
16:53:55 [DEBUG] (17) goxlr_daemon::device: Setting MegaphoneStyle to 1
16:53:55 [DEBUG] (17) goxlr_daemon::device: Setting MegaphoneAmount to 100
16:53:55 [DEBUG] (17) goxlr_daemon::device: Setting MegaphoneHP to 110
16:53:55 [DEBUG] (17) goxlr_daemon::device: Setting MegaphoneLP to 190
16:53:55 [DEBUG] (17) goxlr_daemon::device: Setting MegaphonePreGain to 0
16:53:55 [DEBUG] (17) goxlr_daemon::device: Setting MegaphonePostGain to 2
16:53:55 [DEBUG] (17) goxlr_daemon::device: Setting MegaphoneDistType to 4
16:53:55 [DEBUG] (17) goxlr_daemon::device: Setting MegaphonePresenceGain to 7
16:53:55 [DEBUG] (17) goxlr_daemon::device: Setting MegaphonePresenceFC to 160
16:53:55 [DEBUG] (17) goxlr_daemon::device: Setting MegaphonePresenceBW to 5
16:53:55 [DEBUG] (17) goxlr_daemon::device: Setting MegaphoneBeatboxEnable to 0
16:53:55 [DEBUG] (17) goxlr_daemon::device: Setting MegaphoneFilterControl to 1
16:53:55 [DEBUG] (17) goxlr_daemon::device: Setting MegaphoneFilter to 59
16:53:55 [DEBUG] (17) goxlr_daemon::device: Setting MegaphoneDrivePotGainCompMid to 0
16:53:55 [DEBUG] (17) goxlr_daemon::device: Setting MegaphoneDrivePotGainCompMax to 5
16:53:55 [DEBUG] (17) goxlr_daemon::device: Setting RobotPulseWidth to 50
16:53:55 [DEBUG] (17) goxlr_daemon::device: Setting RobotWaveform to 1
16:53:55 [DEBUG] (17) goxlr_daemon::device: Setting RobotThreshold to -36
16:53:55 [DEBUG] (17) goxlr_daemon::device: Setting RobotDryMix to -6
16:53:55 [DEBUG] (17) goxlr_daemon::device: Setting RobotLowFreq to 88
16:53:55 [DEBUG] (17) goxlr_daemon::device: Setting RobotLowGain to -10
16:53:55 [DEBUG] (17) goxlr_daemon::device: Setting RobotLowWidth to 0
16:53:55 [DEBUG] (17) goxlr_daemon::device: Setting RobotMidFreq to 173
16:53:55 [DEBUG] (17) goxlr_daemon::device: Setting RobotMidGain to 5
16:53:55 [DEBUG] (17) goxlr_daemon::device: Setting RobotMidWidth to 32
16:53:55 [DEBUG] (17) goxlr_daemon::device: Setting RobotHiFreq to 182
16:53:55 [DEBUG] (17) goxlr_daemon::device: Setting RobotHiGain to 0
16:53:55 [DEBUG] (17) goxlr_daemon::device: Setting RobotHiWidth to 0
16:53:55 [DEBUG] (17) goxlr_daemon::device: Setting RobotStyle to 1
16:53:55 [DEBUG] (17) goxlr_daemon::device: Setting HardTuneKeySource to 0
16:53:55 [DEBUG] (17) goxlr_daemon::device: Setting HardTuneAmount to 53
16:53:55 [DEBUG] (17) goxlr_daemon::device: Setting HardTuneWindow to 20
16:53:55 [DEBUG] (17) goxlr_daemon::device: Setting HardTuneRate to 99
16:53:55 [DEBUG] (17) goxlr_daemon::device: Setting HardTuneScale to 5
16:53:55 [DEBUG] (17) goxlr_daemon::device: Setting HardTunePitchAmount to 0
16:53:55 [DEBUG] (17) goxlr_daemon::device: Setting EchoAmount to -36
16:53:55 [DEBUG] (17) goxlr_daemon::device: Setting EchoSource to 1
16:53:55 [DEBUG] (17) goxlr_daemon::device: Setting EchoDivL to 10
16:53:55 [DEBUG] (17) goxlr_daemon::device: Setting EchoDivR to 13
16:53:55 [DEBUG] (17) goxlr_daemon::device: Setting EchoFeedbackL to 50
16:53:55 [DEBUG] (17) goxlr_daemon::device: Setting EchoFeedbackR to 0
16:53:55 [DEBUG] (17) goxlr_daemon::device: Setting EchoXFBLtoR to 100
16:53:55 [DEBUG] (17) goxlr_daemon::device: Setting EchoXFBRtoL to 0
16:53:55 [DEBUG] (17) goxlr_daemon::device: Setting EchoFeedback to 55
16:53:55 [DEBUG] (17) goxlr_daemon::device: Setting EchoFilterStyle to 0
16:53:55 [DEBUG] (17) goxlr_daemon::device: Setting EchoTempo to 120
16:53:55 [DEBUG] (17) goxlr_daemon::device: Setting PitchAmount to 0
16:53:55 [DEBUG] (17) goxlr_daemon::device: Setting PitchCharacter to 100
16:53:55 [DEBUG] (17) goxlr_daemon::device: Setting PitchThreshold to -26
16:53:55 [DEBUG] (17) goxlr_daemon::device: Setting GenderAmount to 0
16:53:55 [DEBUG] (17) goxlr_daemon::device: Setting Encoder1Enabled to 0
16:53:55 [DEBUG] (17) goxlr_daemon::device: Setting Encoder2Enabled to 0
16:53:55 [DEBUG] (17) goxlr_daemon::device: Setting Encoder3Enabled to 0
16:53:55 [DEBUG] (17) goxlr_daemon::device: Setting Encoder4Enabled to 0
16:53:55 [DEBUG] (17) goxlr_daemon::device: Setting MegaphoneEnabled to 0
16:53:55 [DEBUG] (17) goxlr_daemon::device: Setting HardTuneEnabled to 0
16:53:55 [DEBUG] (17) goxlr_daemon::device: Setting RobotEnabled to 0
16:53:55 [DEBUG] (17) goxlr_daemon::device: Setting MicInputMute to 0
16:53:55 [DEBUG] (17) goxlr_daemon::device: Validating Sampler Configuration..
16:53:55 [DEBUG] (17) goxlr_daemon::settings: Saving Settings
16:53:55 [DEBUG] (17) goxlr_daemon::settings: Creating Temporary Save File: "/home/gaz/.config/goxlr-utility/settings.tmp"
16:53:55 [DEBUG] (17) goxlr_daemon::settings: Save Complete and synced, renaming to "/home/gaz/.config/goxlr-utility/settings.json"
16:53:55 [DEBUG] (17) goxlr_daemon::settings: Target exists, removing..
16:53:55 [DEBUG] (17) goxlr_daemon::settings: Renaming "/home/gaz/.config/goxlr-utility/settings.tmp" to "/home/gaz/.config/goxlr-utility/settings.json"
16:53:55 [DEBUG] (17) goxlr_daemon::settings: Settings Saved.
16:53:55 [DEBUG] (17) goxlr_daemon::device: Updating Mic volume from 181 to 180 as a human moved the fader
16:53:55 [DEBUG] (17) goxlr_daemon::device: Setting Sub Mix volume for Mic to 180
16:53:55 [DEBUG] (17) goxlr_daemon::device: Updating Music volume from 195 to 192 as a human moved the fader
16:53:55 [DEBUG] (17) goxlr_daemon::device: Setting Sub Mix volume for Music to 192
16:53:55 [DEBUG] (17) goxlr_daemon::device: Updating Chat volume from 116 to 114 as a human moved the fader
16:53:55 [DEBUG] (17) goxlr_daemon::device: Setting Sub Mix volume for Chat to 114
16:53:55 [DEBUG] (17) goxlr_daemon::device: Updating System volume from 133 to 131 as a human moved the fader
16:54:23 [DEBUG] (17) goxlr_daemon::device: Handling Button Down: Fader1Mute
16:54:23 [DEBUG] (17) goxlr_daemon::device: Handling Button Release: Fader1Mute, Has Long Press Handled: false
16:54:23 [DEBUG] (17) goxlr_daemon::device: IsStreamNoMusic: false
16:54:23 [DEBUG] (17) goxlr_daemon::device: Applying Routing to Microphone:
16:54:23 [DEBUG] (17) goxlr_daemon::tts: Received TTS Message: Mic Muted
16:54:23 [DEBUG] (17) goxlr_daemon::device: Updating Mic volume from 0 to 161 as a human moved the fader
16:54:23 [DEBUG] (17) goxlr_daemon::device: Setting Sub Mix volume for Mic to 161
16:54:23 [DEBUG] (19) goxlr_daemon::device: Updating Mic volume from 161 to 113 as a human moved the fader
16:54:23 [DEBUG] (19) goxlr_daemon::device: Setting Sub Mix volume for Mic to 113
16:54:23 [DEBUG] (19) goxlr_daemon::device: Updating Mic volume from 113 to 58 as a human moved the fader
16:54:23 [DEBUG] (19) goxlr_daemon::device: Setting Sub Mix volume for Mic to 58
16:54:23 [DEBUG] (19) goxlr_daemon::device: Updating Mic volume from 58 to 11 as a human moved the fader
16:54:23 [DEBUG] (19) goxlr_daemon::device: Setting Sub Mix volume for Mic to 11
16:54:23 [DEBUG] (19) goxlr_daemon::device: Updating Mic volume from 11 to 0 as a human moved the fader
16:54:23 [DEBUG] (19) goxlr_daemon::device: Setting Sub Mix volume for Mic to 0
16:54:24 [DEBUG] (17) goxlr_daemon::device: Handling Button Down: Fader1Mute
16:54:24 [DEBUG] (17) goxlr_daemon::device: Handling Button Release: Fader1Mute, Has Long Press Handled: false
16:54:24 [DEBUG] (17) goxlr_daemon::device: Setting MicInputMute to 0
16:54:24 [DEBUG] (17) goxlr_daemon::device: IsStreamNoMusic: false
16:54:24 [DEBUG] (17) goxlr_daemon::device: Applying Routing to Microphone:
16:54:24 [DEBUG] (17) goxlr_daemon::tts: Received TTS Message: Mic unmuted
16:54:24 [DEBUG] (17) goxlr_daemon::device: Updating Mic volume from 180 to 16 as a human moved the fader
16:54:24 [DEBUG] (17) goxlr_daemon::device: Setting Sub Mix volume for Mic to 16
16:54:24 [DEBUG] (17) goxlr_daemon::device: Updating Mic volume from 16 to 63 as a human moved the fader
16:54:24 [DEBUG] (17) goxlr_daemon::device: Setting Sub Mix volume for Mic to 63
16:54:24 [DEBUG] (17) goxlr_daemon::device: Updating Mic volume from 63 to 117 as a human moved the fader
16:54:24 [DEBUG] (17) goxlr_daemon::device: Setting Sub Mix volume for Mic to 117
16:54:24 [DEBUG] (17) goxlr_daemon::device: Updating Mic volume from 117 to 167 as a human moved the fader
16:54:24 [DEBUG] (17) goxlr_daemon::device: Setting Sub Mix volume for Mic to 167
16:54:24 [DEBUG] (19) goxlr_daemon::device: Updating Mic volume from 167 to 190 as a human moved the fader
16:54:24 [DEBUG] (19) goxlr_daemon::device: Setting Sub Mix volume for Mic to 190
16:54:24 [DEBUG] (19) goxlr_daemon::device: Updating Mic volume from 190 to 177 as a human moved the fader
16:54:24 [DEBUG] (19) goxlr_daemon::device: Setting Sub Mix volume for Mic to 177
16:55:23 [DEBUG] (17) goxlr_profile_loader::profile: Creating Temporary Save File: "/home/gaz/.local/share/goxlr-utility/profiles/Default.tmp"
16:55:23 [DEBUG] (17) goxlr_profile_loader::profile: Save Complete and synced, renaming to "/home/gaz/.local/share/goxlr-utility/profiles/Default.goxlr"
16:55:23 [DEBUG] (17) goxlr_profile_loader::profile: Target profile exists, removing..
16:55:23 [DEBUG] (17) goxlr_profile_loader::profile: Renaming "/home/gaz/.local/share/goxlr-utility/profiles/Default.tmp" to "/home/gaz/.local/share/goxlr-utility/profiles/Default.goxlr"
16:55:48 [DEBUG] (17) goxlr_daemon::events: Shutdown Phase 1 Triggered..
16:55:48 [DEBUG] (17) goxlr_daemon::device: Shutting Down Device: S200600408CQK
16:55:48 [DEBUG] (17) goxlr_daemon::device: SaveProfile
16:55:48 [DEBUG] (17) goxlr_profile_loader::profile: Creating Temporary Save File: "/home/gaz/.local/share/goxlr-utility/profiles/Default.tmp"
16:55:48 [DEBUG] (17) goxlr_profile_loader::profile: Save Complete and synced, renaming to "/home/gaz/.local/share/goxlr-utility/profiles/Default.goxlr"
16:55:48 [DEBUG] (17) goxlr_profile_loader::profile: Target profile exists, removing..
16:55:48 [DEBUG] (17) goxlr_profile_loader::profile: Renaming "/home/gaz/.local/share/goxlr-utility/profiles/Default.tmp" to "/home/gaz/.local/share/goxlr-utility/profiles/Default.goxlr"
16:55:48 [DEBUG] (17) goxlr_daemon::device: SaveMicProfile
16:55:48 [DEBUG] (17) goxlr_profile_loader::mic_profile: Creating Temporary Save File: "/home/gaz/.local/share/goxlr-utility/mic-profiles/DEFAULT-custom.tmp"
16:55:48 [DEBUG] (17) goxlr_profile_loader::mic_profile: Save Complete and synced, renaming to "/home/gaz/.local/share/goxlr-utility/mic-profiles/DEFAULT-custom.goxlrMicProfile"
16:55:48 [DEBUG] (17) goxlr_profile_loader::mic_profile: Target mic profile exists, removing..
16:55:48 [DEBUG] (17) goxlr_profile_loader::mic_profile: Renaming "/home/gaz/.local/share/goxlr-utility/mic-profiles/DEFAULT-custom.tmp" to "/home/gaz/.local/share/goxlr-utility/mic-profiles/DEFAULT-custom.goxlrMicProfile"
16:55:48 [DEBUG] (17) goxlr_daemon::device: LoadProfile("Default", false)
16:55:48 [DEBUG] (17) goxlr_daemon::profile: Loading Profile From /home/gaz/.local/share/goxlr-utility/profiles/Default.goxlr
16:55:48 [DEBUG] (17) goxlr_profile_loader::profile: Loading Profile Archive..
16:55:48 [DEBUG] (17) goxlr_profile_loader::profile: Attempting to read profile.xml..
16:55:48 [DEBUG] (17) goxlr_profile_loader::profile: Preparing Structure..
16:55:48 [DEBUG] (17) goxlr_profile_loader::profile: MixRoutingTree { mix: {Headphones: A, Broadcast: B, LineOut: A, ChatMic: A, Sampler: A, StreamMix2: A} }
16:55:48 [DEBUG] (17) goxlr_profile_loader::profile: SubMixer { submix_enabled: true, volume_table: {Mic: 177, Chat: 114, Music: 192, Game: 128, Console: 128, LineIn: 128, System: 105, Sample: 254}, monitor_tree: MonitorTree { monitored_output: Headphones, headphone_mix: A, routing: {Mic: 8192, Chat: 8192, Music: 8192, Game: 8192, Console: 8192, LineIn: 8192, System: 8192, Sample: 8192} }, linking_tree: LinkingTree { linked_list: {Mic: true, Chat: true, Music: true, Game: true, Console: true, LineIn: true, System: false, Sample: true}, linked_ratio: {Mic: 1.0, Chat: 1.0, Music: 1.0, Game: 1.0, Console: 1.0, LineIn: 1.0, System: 1.0, Sample: 1.0} } }
16:55:48 [DEBUG] (17) goxlr_daemon::device: Applying Profile..
16:55:48 [DEBUG] (17) goxlr_daemon::device: Setting Faders..
16:55:48 [DEBUG] (17) goxlr_daemon::device: Setting Fader A to Mic
16:55:48 [DEBUG] (17) goxlr_daemon::device: Setting Fader B to Music
16:55:48 [DEBUG] (17) goxlr_daemon::device: Setting Fader C to Chat
16:55:48 [DEBUG] (17) goxlr_daemon::device: Setting Fader D to System
16:55:48 [DEBUG] (17) goxlr_daemon::device: Setting Mute States..
16:55:48 [DEBUG] (17) goxlr_daemon::device: Applying Microphone Mute State
16:55:48 [DEBUG] (17) goxlr_daemon::device: Setting Mic to Unmuted
16:55:48 [DEBUG] (17) goxlr_daemon::device: Channel System on Fader, Loading State from Profile
16:55:48 [DEBUG] (17) goxlr_daemon::device: Channel D already Unmuted, doing nothing.
16:55:48 [DEBUG] (17) goxlr_daemon::device: Channel Chat on Fader, Loading State from Profile
16:55:48 [DEBUG] (17) goxlr_daemon::device: Channel C already Unmuted, doing nothing.
16:55:48 [DEBUG] (17) goxlr_daemon::device: Channel Music on Fader, Loading State from Profile
16:55:48 [DEBUG] (17) goxlr_daemon::device: Channel B already Unmuted, doing nothing.
16:55:48 [DEBUG] (17) goxlr_daemon::device: Setting Channel Volumes..
16:55:48 [DEBUG] (17) goxlr_daemon::device: Setting volume for Mic to 177
16:55:48 [DEBUG] (17) goxlr_daemon::device: Setting volume for LineIn to 128
16:55:48 [DEBUG] (17) goxlr_daemon::device: Setting volume for Console to 128
16:55:48 [DEBUG] (17) goxlr_daemon::device: Setting volume for System to 131
16:55:48 [DEBUG] (17) goxlr_daemon::device: Setting volume for Game to 128
16:55:48 [DEBUG] (17) goxlr_daemon::device: Setting volume for Chat to 114
16:55:48 [DEBUG] (17) goxlr_daemon::device: Setting volume for Sample to 254
16:55:48 [DEBUG] (17) goxlr_daemon::device: Setting volume for Music to 192
16:55:48 [DEBUG] (17) goxlr_daemon::device: Setting volume for MicMonitor to 140
16:55:48 [DEBUG] (17) goxlr_daemon::device: Setting volume for Headphones to 255
16:55:48 [DEBUG] (17) goxlr_daemon::device: Setting volume for LineOut to 122
16:55:48 [DEBUG] (17) goxlr_daemon::device: Applying Submixing Settings..
16:55:48 [DEBUG] (17) goxlr_daemon::device: IsStreamNoMusic: false
16:55:48 [DEBUG] (17) goxlr_daemon::device: IsStreamNoMusic: false
16:55:48 [DEBUG] (17) goxlr_daemon::device: IsStreamNoMusic: false
16:55:48 [DEBUG] (17) goxlr_daemon::device: IsStreamNoMusic: false
16:55:48 [DEBUG] (17) goxlr_daemon::device: Setting Sub Mix volume for Mic to 177
16:55:48 [DEBUG] (17) goxlr_daemon::device: Setting Sub Mix volume for LineIn to 128
16:55:48 [DEBUG] (17) goxlr_daemon::device: Setting Sub Mix volume for Console to 128
16:55:48 [DEBUG] (17) goxlr_daemon::device: Setting Sub Mix volume for System to 105
16:55:48 [DEBUG] (17) goxlr_daemon::device: Setting Sub Mix volume for Game to 128
16:55:48 [DEBUG] (17) goxlr_daemon::device: Setting Sub Mix volume for Chat to 114
16:55:48 [DEBUG] (17) goxlr_daemon::device: Setting Sub Mix volume for Sample to 254
16:55:48 [DEBUG] (17) goxlr_daemon::device: Setting Sub Mix volume for Music to 192
16:55:48 [DEBUG] (17) goxlr_daemon::device: Loading Colour Map..
16:55:48 [DEBUG] (17) goxlr_daemon::device: Setting Fader display modes..
16:55:48 [DEBUG] (17) goxlr_daemon::device: Setting display for A
16:55:48 [DEBUG] (17) goxlr_daemon::device: Setting display for B
16:55:48 [DEBUG] (17) goxlr_daemon::device: Setting display for C
16:55:48 [DEBUG] (17) goxlr_daemon::device: Setting display for D
16:55:48 [DEBUG] (17) goxlr_daemon::device: Updating button states..
16:55:48 [DEBUG] (17) goxlr_daemon::device: Applying Routing..
16:55:48 [DEBUG] (17) goxlr_daemon::device: IsStreamNoMusic: false
16:55:48 [DEBUG] (17) goxlr_daemon::device: Applying Routing to Microphone:
16:55:48 [DEBUG] (17) goxlr_daemon::device: IsStreamNoMusic: false
16:55:48 [DEBUG] (17) goxlr_daemon::device: Applying Routing to Chat:
16:55:48 [DEBUG] (17) goxlr_daemon::device: IsStreamNoMusic: false
16:55:48 [DEBUG] (17) goxlr_daemon::device: Applying Routing to Music:
16:55:48 [DEBUG] (17) goxlr_daemon::device: Light HardTune Enabled for Channel: Music
16:55:48 [DEBUG] (17) goxlr_daemon::device: IsStreamNoMusic: false
16:55:48 [DEBUG] (17) goxlr_daemon::device: Applying Routing to Game:
16:55:48 [DEBUG] (17) goxlr_daemon::device: Light HardTune Enabled for Channel: Game
16:55:48 [DEBUG] (17) goxlr_daemon::device: IsStreamNoMusic: false
16:55:48 [DEBUG] (17) goxlr_daemon::device: Applying Routing to Console:
16:55:48 [DEBUG] (17) goxlr_daemon::device: IsStreamNoMusic: false
16:55:48 [DEBUG] (17) goxlr_daemon::device: Applying Routing to LineIn:
16:55:48 [DEBUG] (17) goxlr_daemon::device: Light HardTune Enabled for Channel: LineIn
16:55:48 [DEBUG] (17) goxlr_daemon::device: IsStreamNoMusic: false
16:55:48 [DEBUG] (17) goxlr_daemon::device: Applying Routing to System:
16:55:48 [DEBUG] (17) goxlr_daemon::device: Light HardTune Enabled for Channel: System
16:55:48 [DEBUG] (17) goxlr_daemon::device: IsStreamNoMusic: false
16:55:48 [DEBUG] (17) goxlr_daemon::device: Applying Routing to Samples:
16:55:48 [DEBUG] (17) goxlr_daemon::device: Applying Voice FX
16:55:48 [DEBUG] (17) goxlr_daemon::device: Setting ReverbAmount to -36
16:55:48 [DEBUG] (17) goxlr_daemon::device: Setting ReverbType to 5
16:55:48 [DEBUG] (17) goxlr_daemon::device: Setting ReverbDecay to 96
16:55:48 [DEBUG] (17) goxlr_daemon::device: Setting ReverbPredelay to 0
16:55:48 [DEBUG] (17) goxlr_daemon::device: Setting ReverbDiffuse to -50
16:55:48 [DEBUG] (17) goxlr_daemon::device: Setting ReverbLowColor to 0
16:55:48 [DEBUG] (17) goxlr_daemon::device: Setting ReverbHighColor to -50
16:55:48 [DEBUG] (17) goxlr_daemon::device: Setting ReverbHighFactor to -25
16:55:48 [DEBUG] (17) goxlr_daemon::device: Setting ReverbModSpeed to -25
16:55:48 [DEBUG] (17) goxlr_daemon::device: Setting ReverbModDepth to -25
16:55:48 [DEBUG] (17) goxlr_daemon::device: Setting ReverbEarlyLevel to -25
16:55:48 [DEBUG] (17) goxlr_daemon::device: Setting ReverbTailLevel to 0
16:55:48 [DEBUG] (17) goxlr_daemon::device: Setting MegaphoneStyle to 1
16:55:48 [DEBUG] (17) goxlr_daemon::device: Setting MegaphoneAmount to 100
16:55:48 [DEBUG] (17) goxlr_daemon::device: Setting MegaphoneHP to 110
16:55:48 [DEBUG] (17) goxlr_daemon::device: Setting MegaphoneLP to 190
16:55:48 [DEBUG] (17) goxlr_daemon::device: Setting MegaphonePreGain to 0
16:55:48 [DEBUG] (17) goxlr_daemon::device: Setting MegaphonePostGain to 2
16:55:48 [DEBUG] (17) goxlr_daemon::device: Setting MegaphoneDistType to 4
16:55:48 [DEBUG] (17) goxlr_daemon::device: Setting MegaphonePresenceGain to 7
16:55:48 [DEBUG] (17) goxlr_daemon::device: Setting MegaphonePresenceFC to 160
16:55:48 [DEBUG] (17) goxlr_daemon::device: Setting MegaphonePresenceBW to 5
16:55:48 [DEBUG] (17) goxlr_daemon::device: Setting MegaphoneBeatboxEnable to 0
16:55:48 [DEBUG] (17) goxlr_daemon::device: Setting MegaphoneFilterControl to 1
16:55:48 [DEBUG] (17) goxlr_daemon::device: Setting MegaphoneFilter to 59
16:55:48 [DEBUG] (17) goxlr_daemon::device: Setting MegaphoneDrivePotGainCompMid to 0
16:55:48 [DEBUG] (17) goxlr_daemon::device: Setting MegaphoneDrivePotGainCompMax to 5
16:55:48 [DEBUG] (17) goxlr_daemon::device: Setting RobotPulseWidth to 50
16:55:48 [DEBUG] (17) goxlr_daemon::device: Setting RobotWaveform to 1
16:55:48 [DEBUG] (17) goxlr_daemon::device: Setting RobotThreshold to -36
16:55:48 [DEBUG] (17) goxlr_daemon::device: Setting RobotDryMix to -6
16:55:48 [DEBUG] (17) goxlr_daemon::device: Setting RobotLowFreq to 88
16:55:48 [DEBUG] (17) goxlr_daemon::device: Setting RobotLowGain to -10
16:55:48 [DEBUG] (17) goxlr_daemon::device: Setting RobotLowWidth to 0
16:55:48 [DEBUG] (17) goxlr_daemon::device: Setting RobotMidFreq to 173
16:55:48 [DEBUG] (17) goxlr_daemon::device: Setting RobotMidGain to 5
16:55:48 [DEBUG] (17) goxlr_daemon::device: Setting RobotMidWidth to 32
16:55:48 [DEBUG] (17) goxlr_daemon::device: Setting RobotHiFreq to 182
16:55:48 [DEBUG] (17) goxlr_daemon::device: Setting RobotHiGain to 0
16:55:48 [DEBUG] (17) goxlr_daemon::device: Setting RobotHiWidth to 0
16:55:48 [DEBUG] (17) goxlr_daemon::device: Setting RobotStyle to 1
16:55:48 [DEBUG] (17) goxlr_daemon::device: Setting HardTuneKeySource to 0
16:55:48 [DEBUG] (17) goxlr_daemon::device: Setting HardTuneAmount to 53
16:55:48 [DEBUG] (17) goxlr_daemon::device: Setting HardTuneWindow to 20
16:55:48 [DEBUG] (17) goxlr_daemon::device: Setting HardTuneRate to 99
16:55:48 [DEBUG] (17) goxlr_daemon::device: Setting HardTuneScale to 5
16:55:48 [DEBUG] (17) goxlr_daemon::device: Setting HardTunePitchAmount to 0
16:55:48 [DEBUG] (17) goxlr_daemon::device: Setting EchoAmount to -36
16:55:48 [DEBUG] (17) goxlr_daemon::device: Setting EchoSource to 1
16:55:48 [DEBUG] (17) goxlr_daemon::device: Setting EchoDivL to 10
16:55:48 [DEBUG] (17) goxlr_daemon::device: Setting EchoDivR to 13
16:55:48 [DEBUG] (17) goxlr_daemon::device: Setting EchoFeedbackL to 50
16:55:48 [DEBUG] (17) goxlr_daemon::device: Setting EchoFeedbackR to 0
16:55:48 [DEBUG] (17) goxlr_daemon::device: Setting EchoXFBLtoR to 100
16:55:48 [DEBUG] (17) goxlr_daemon::device: Setting EchoXFBRtoL to 0
16:55:48 [DEBUG] (17) goxlr_daemon::device: Setting EchoFeedback to 55
16:55:48 [DEBUG] (17) goxlr_daemon::device: Setting EchoFilterStyle to 0
16:55:48 [DEBUG] (17) goxlr_daemon::device: Setting EchoTempo to 120
16:55:48 [DEBUG] (17) goxlr_daemon::device: Setting PitchAmount to 0
16:55:48 [DEBUG] (17) goxlr_daemon::device: Setting PitchCharacter to 100
16:55:48 [DEBUG] (17) goxlr_daemon::device: Setting PitchThreshold to -26
16:55:48 [DEBUG] (17) goxlr_daemon::device: Setting GenderAmount to 0
16:55:48 [DEBUG] (17) goxlr_daemon::device: Setting Encoder1Enabled to 0
16:55:48 [DEBUG] (17) goxlr_daemon::device: Setting Encoder2Enabled to 0
16:55:48 [DEBUG] (17) goxlr_daemon::device: Setting Encoder3Enabled to 0
16:55:48 [DEBUG] (17) goxlr_daemon::device: Setting Encoder4Enabled to 0
16:55:48 [DEBUG] (17) goxlr_daemon::device: Setting MegaphoneEnabled to 0
16:55:48 [DEBUG] (17) goxlr_daemon::device: Setting HardTuneEnabled to 0
16:55:48 [DEBUG] (17) goxlr_daemon::device: Setting RobotEnabled to 0
16:55:48 [DEBUG] (17) goxlr_daemon::device: Setting MicInputMute to 0
16:55:48 [DEBUG] (17) goxlr_daemon::device: Validating Sampler Configuration..
16:55:48 [DEBUG] (19) goxlr_daemon::events: Shutdown Phase 2 Triggered..
16:55:48 [DEBUG] (3) goxlr_daemon::tray::linux: Shutting Down Tray Handler..
16:55:48 [DEBUG] (21) goxlr_daemon::platform::linux::sleep: End of Run
16:55:48 [DEBUG] (19) goxlr_daemon::files: Shutdown Signal Received.
16:55:48 [DEBUG] (13) goxlr_daemon::platform::unix: Platform Runtime Ended
16:55:48 [INFO] Shutting down TTS Service
16:55:48 [INFO] Shutting down daemon
16:55:48 [INFO] HTTP Server Stopped.
16:55:48 [INFO] Shutting down device worker
16:55:48 [DEBUG] (46) goxlr_audio::recorder: Audio Listener Terminated
16:55:48 [DEBUG] (46) goxlr_audio::recorder: Recorder Dropped, stopping thread..
20:16:37 [INFO] Starting GoXLR Daemon v1.2.4
20:16:37 [INFO] System Locale: en_GB
20:16:37 [INFO] Performing Platform Preflight...
20:16:37 [DEBUG] (1) goxlr_daemon: HTTP Bind Address: localhost
20:16:37 [INFO] Bound IPC Socket @ Name(UdSocketPath("/tmp/goxlr.socket"))
20:16:37 [DEBUG] (19) goxlr_daemon::platform::linux::autostart: Found XDG AutoStart Path: "/home/gaz/.config/autostart"
20:16:37 [DEBUG] (21) goxlr_daemon::servers::ipc_server: Running IPC Server..
20:16:37 [DEBUG] (19) goxlr_daemon::primary_worker: Performing Firmware Version Check..
20:16:37 [INFO] Started GoXLR configuration interface at http://localhost:14564/
20:16:37 [INFO] Starting TTS Service..
20:16:37 [DEBUG] (17) goxlr_daemon::events: Starting Event Loop..
20:16:37 [DEBUG] (15) goxlr_daemon::platform::linux::sleep: Spawning Sleep Handler..
20:16:37 [DEBUG] (19) goxlr_daemon::platform::linux::sleep: Attempting to Inhibit Sleep..
20:16:37 [DEBUG] (19) goxlr_daemon::platform::linux::sleep: Inhibitor Successfully Established.
20:16:37 [DEBUG] (19) goxlr_daemon::platform::linux::sleep: Awaiting Result from 'PrepareForSleep'
20:16:37 [DEBUG] (19) goxlr_daemon::platform::linux::sleep: Preparing Lock Proxy..
20:16:37 [DEBUG] (19) goxlr_daemon::platform::linux::sleep: Entering Signal Loop..
20:16:37 [INFO] Connected to possible GoXLR device at Bus 001 Device 006: ID 1220:8fe0
20:16:37 [DEBUG] (3) goxlr_usb::device::libusb::device: Handling initial request
20:16:37 [DEBUG] (3) goxlr_daemon::device: New Device Loading..
20:16:37 [INFO] Configuring GoXLR, Profile: Default, Mic Profile: DEFAULT
20:16:37 [DEBUG] (3) goxlr_daemon::profile: Loading Profile From /home/gaz/.local/share/goxlr-utility/profiles/Default.goxlr
20:16:37 [DEBUG] (3) goxlr_profile_loader::profile: Loading Profile Archive..
20:16:37 [DEBUG] (3) goxlr_profile_loader::profile: Attempting to read profile.xml..
20:16:37 [DEBUG] (3) goxlr_profile_loader::profile: Preparing Structure..
20:16:37 [DEBUG] (3) goxlr_profile_loader::profile: MixRoutingTree { mix: {Headphones: A, Broadcast: B, LineOut: A, ChatMic: A, Sampler: A, StreamMix2: A} }
20:16:37 [DEBUG] (3) goxlr_profile_loader::profile: SubMixer { submix_enabled: true, volume_table: {Mic: 177, Chat: 114, Music: 192, Game: 128, Console: 128, LineIn: 128, System: 105, Sample: 254}, monitor_tree: MonitorTree { monitored_output: Headphones, headphone_mix: A, routing: {Mic: 8192, Chat: 8192, Music: 8192, Game: 8192, Console: 8192, LineIn: 8192, System: 8192, Sample: 8192} }, linking_tree: LinkingTree { linked_list: {Mic: true, Chat: true, Music: true, Game: true, Console: true, LineIn: true, System: false, Sample: true}, linked_ratio: {Mic: 1.0, Chat: 1.0, Music: 1.0, Game: 1.0, Console: 1.0, LineIn: 1.0, System: 1.0, Sample: 1.0} } }
20:16:37 [DEBUG] (3) goxlr_daemon::device: Profile Successfully Loaded, Performing Backup..
20:16:37 [DEBUG] (3) goxlr_profile_loader::profile: Creating Temporary Save File: "/home/gaz/.local/share/goxlr-utility/backups/Default.tmp"
20:16:37 [DEBUG] (3) goxlr_profile_loader::profile: Save Complete and synced, renaming to "/home/gaz/.local/share/goxlr-utility/backups/Default.goxlr"
20:16:37 [DEBUG] (3) goxlr_profile_loader::profile: Target profile exists, removing..
20:16:37 [DEBUG] (3) goxlr_profile_loader::profile: Renaming "/home/gaz/.local/share/goxlr-utility/backups/Default.tmp" to "/home/gaz/.local/share/goxlr-utility/backups/Default.goxlr"
20:16:37 [DEBUG] (3) goxlr_daemon::device: Main Profile Backup Complete
20:16:37 [DEBUG] (3) goxlr_daemon::device: Mic Profile Successfully Loaded, Performing Backup..
20:16:37 [DEBUG] (3) goxlr_profile_loader::mic_profile: Creating Temporary Save File: "/home/gaz/.local/share/goxlr-utility/backups/DEFAULT.tmp"
20:16:37 [DEBUG] (18) goxlr_daemon::primary_worker: Firmware Update Process Finished
20:16:37 [DEBUG] (3) goxlr_profile_loader::mic_profile: Save Complete and synced, renaming to "/home/gaz/.local/share/goxlr-utility/backups/DEFAULT.goxlrMicProfile"
20:16:37 [DEBUG] (3) goxlr_profile_loader::mic_profile: Target mic profile exists, removing..
20:16:37 [DEBUG] (3) goxlr_profile_loader::mic_profile: Renaming "/home/gaz/.local/share/goxlr-utility/backups/DEFAULT.tmp" to "/home/gaz/.local/share/goxlr-utility/backups/DEFAULT.goxlrMicProfile"
20:16:37 [DEBUG] (3) goxlr_daemon::device: Mic Profile Backup Complete
20:16:37 [DEBUG] (3) goxlr_daemon::audio: Attempting to Find Device..
20:16:37 [DEBUG] (45) goxlr_audio::recorder: Starting Audio Listener..
20:16:37 [DEBUG] (3) goxlr_daemon::audio: Found Device: alsa_output.usb-TC-Helicon_GoXLR-00.HiFi__Line3__sink
20:16:37 [DEBUG] (3) goxlr_daemon::device: Created Audio Handler..
20:16:37 [DEBUG] (3) goxlr_daemon::device: Ok(AudioHandler { output_device: Some("alsa_output.usb-TC-Helicon_GoXLR-00.HiFi__Line3__sink"), buffered_input: Some(BufferedRecorder { device: [goxlr_sample.*source, GoXLR_0_4_5.*source, GoXLR.*HiFi__Line5__source, CoreAudio\*Sampler(?:(?!Mini).)*$, ^WASAPI\*Sample(?:(?!Mini).)*$], producers: 0 }), last_device_check: None, active_streams: {A: {TopLeft: None, TopRight: None, BottomLeft: None, BottomRight: None}, B: {TopLeft: None, TopRight: None, BottomLeft: None, BottomRight: None}, C: {TopLeft: None, TopRight: None, BottomLeft: None, BottomRight: None}}, process_task: None })
20:16:37 [DEBUG] (3) goxlr_daemon::device: Audio Handler Loaded OK..
20:16:37 [DEBUG] (3) goxlr_daemon::device: --- DEVICE INFO ---
20:16:37 [DEBUG] (3) goxlr_daemon::device: Serial: "S200600408CQK"
20:16:37 [DEBUG] (3) goxlr_daemon::device: Firmware: 1.4.3.110
20:16:37 [DEBUG] (3) goxlr_daemon::device: DICE: 1.4.3.110
20:16:37 [DEBUG] (3) goxlr_daemon::device: Type: Full
20:16:37 [DEBUG] (3) goxlr_daemon::device: -------------------
20:16:37 [DEBUG] (3) goxlr_daemon::device: Applying Profile..
20:16:37 [DEBUG] (3) goxlr_daemon::device: Setting Faders..
20:16:37 [DEBUG] (3) goxlr_daemon::device: Setting Fader A to Mic
20:16:37 [DEBUG] (3) goxlr_daemon::device: Setting Fader B to Music
20:16:37 [DEBUG] (3) goxlr_daemon::device: Setting Fader C to Chat
20:16:37 [DEBUG] (3) goxlr_daemon::device: Setting Fader D to System
20:16:37 [DEBUG] (3) goxlr_daemon::device: Setting Mute States..
20:16:37 [DEBUG] (3) goxlr_daemon::device: Applying Microphone Mute State
20:16:37 [DEBUG] (3) goxlr_daemon::device: Setting Mic to Unmuted
20:16:37 [DEBUG] (3) goxlr_daemon::device: Unknown Channel state for LineIn, Unmuting.
20:16:37 [DEBUG] (3) goxlr_daemon::device: Unknown Channel state for Console, Unmuting.
20:16:37 [DEBUG] (3) goxlr_daemon::device: Channel System on Fader, Loading State from Profile
20:16:37 [DEBUG] (3) goxlr_daemon::device: Channel System set to Unmuted (no previous)
20:16:37 [DEBUG] (3) goxlr_daemon::device: Unknown Channel state for Game, Unmuting.
20:16:37 [DEBUG] (3) goxlr_daemon::device: Channel Chat on Fader, Loading State from Profile
20:16:37 [DEBUG] (3) goxlr_daemon::device: Channel Chat set to Unmuted (no previous)
20:16:38 [DEBUG] (3) goxlr_daemon::device: Unknown Channel state for Sample, Unmuting.
20:16:38 [DEBUG] (3) goxlr_daemon::device: Channel Music on Fader, Loading State from Profile
20:16:38 [DEBUG] (3) goxlr_daemon::device: Channel Music set to Unmuted (no previous)
20:16:38 [DEBUG] (3) goxlr_daemon::device: Unknown Channel state for Headphones, Unmuting.
20:16:38 [DEBUG] (3) goxlr_daemon::device: Unknown Channel state for MicMonitor, Unmuting.
20:16:38 [DEBUG] (3) goxlr_daemon::device: Unknown Channel state for LineOut, Unmuting.
20:16:38 [DEBUG] (3) goxlr_daemon::device: Setting Channel Volumes..
20:16:38 [DEBUG] (3) goxlr_daemon::device: No reference volumes, sending channels in order
20:16:38 [DEBUG] (3) goxlr_daemon::device: Setting volume for Mic to 177
20:16:38 [DEBUG] (3) goxlr_daemon::device: Setting volume for LineIn to 128
20:16:38 [DEBUG] (3) goxlr_daemon::device: Setting volume for Console to 128
20:16:38 [DEBUG] (3) goxlr_daemon::device: Setting volume for System to 131
20:16:38 [DEBUG] (3) goxlr_daemon::device: Setting volume for Game to 128
20:16:38 [DEBUG] (3) goxlr_daemon::device: Setting volume for Chat to 114
20:16:38 [DEBUG] (3) goxlr_daemon::device: Setting volume for Sample to 254
20:16:38 [DEBUG] (3) goxlr_daemon::device: Setting volume for Music to 192
20:16:38 [DEBUG] (3) goxlr_daemon::device: Setting volume for Headphones to 255
20:16:38 [DEBUG] (3) goxlr_daemon::device: Setting volume for MicMonitor to 140
20:16:38 [DEBUG] (3) goxlr_daemon::device: Setting volume for LineOut to 122
20:16:38 [DEBUG] (3) goxlr_daemon::device: Applying Submixing Settings..
20:16:38 [DEBUG] (3) goxlr_daemon::device: IsStreamNoMusic: false
20:16:38 [DEBUG] (3) goxlr_daemon::device: IsStreamNoMusic: false
20:16:38 [DEBUG] (3) goxlr_daemon::device: IsStreamNoMusic: false
20:16:38 [DEBUG] (3) goxlr_daemon::device: IsStreamNoMusic: false
20:16:38 [DEBUG] (3) goxlr_daemon::device: Setting Sub Mix volume for Mic to 177
20:16:38 [DEBUG] (3) goxlr_daemon::device: Setting Sub Mix volume for LineIn to 128
20:16:38 [DEBUG] (3) goxlr_daemon::device: Setting Sub Mix volume for Console to 128
20:16:38 [DEBUG] (3) goxlr_daemon::device: Setting Sub Mix volume for System to 105
20:16:38 [DEBUG] (3) goxlr_daemon::device: Setting Sub Mix volume for Game to 128
20:16:38 [DEBUG] (3) goxlr_daemon::device: Setting Sub Mix volume for Chat to 114
20:16:38 [DEBUG] (3) goxlr_daemon::device: Setting Sub Mix volume for Sample to 254
20:16:38 [DEBUG] (3) goxlr_daemon::device: Setting Sub Mix volume for Music to 192
20:16:38 [DEBUG] (3) goxlr_daemon::device: Loading Colour Map..
20:16:38 [DEBUG] (3) goxlr_daemon::device: Setting Fader display modes..
20:16:38 [DEBUG] (3) goxlr_daemon::device: Setting display for A
20:16:38 [DEBUG] (3) goxlr_daemon::device: Setting display for B
20:16:38 [DEBUG] (3) goxlr_daemon::device: Setting display for C
20:16:38 [DEBUG] (3) goxlr_daemon::device: Setting display for D
20:16:38 [DEBUG] (3) goxlr_daemon::device: Updating button states..
20:16:38 [DEBUG] (3) goxlr_daemon::device: Applying Routing..
20:16:38 [DEBUG] (3) goxlr_daemon::device: IsStreamNoMusic: false
20:16:38 [DEBUG] (3) goxlr_daemon::device: Applying Routing to Microphone:
20:16:38 [DEBUG] (3) goxlr_daemon::device: IsStreamNoMusic: false
20:16:38 [DEBUG] (3) goxlr_daemon::device: Applying Routing to Chat:
20:16:38 [DEBUG] (3) goxlr_daemon::device: IsStreamNoMusic: false
20:16:38 [DEBUG] (3) goxlr_daemon::device: Applying Routing to Music:
20:16:38 [DEBUG] (3) goxlr_daemon::device: Light HardTune Enabled for Channel: Music
20:16:38 [DEBUG] (3) goxlr_daemon::device: IsStreamNoMusic: false
20:16:38 [DEBUG] (3) goxlr_daemon::device: Applying Routing to Game:
20:16:38 [DEBUG] (3) goxlr_daemon::device: Light HardTune Enabled for Channel: Game
20:16:38 [DEBUG] (3) goxlr_daemon::device: IsStreamNoMusic: false
20:16:38 [DEBUG] (3) goxlr_daemon::device: Applying Routing to Console:
20:16:38 [DEBUG] (3) goxlr_daemon::device: IsStreamNoMusic: false
20:16:38 [DEBUG] (3) goxlr_daemon::device: Applying Routing to LineIn:
20:16:38 [DEBUG] (3) goxlr_daemon::device: Light HardTune Enabled for Channel: LineIn
20:16:38 [DEBUG] (3) goxlr_daemon::device: IsStreamNoMusic: false
20:16:38 [DEBUG] (3) goxlr_daemon::device: Applying Routing to System:
20:16:38 [DEBUG] (3) goxlr_daemon::device: Light HardTune Enabled for Channel: System
20:16:38 [DEBUG] (3) goxlr_daemon::device: IsStreamNoMusic: false
20:16:38 [DEBUG] (3) goxlr_daemon::device: Applying Routing to Samples:
20:16:38 [DEBUG] (3) goxlr_daemon::device: Applying Voice FX
20:16:38 [DEBUG] (3) goxlr_daemon::device: Setting ReverbAmount to -36
20:16:38 [DEBUG] (3) goxlr_daemon::device: Setting ReverbType to 5
20:16:38 [DEBUG] (3) goxlr_daemon::device: Setting ReverbDecay to 96
20:16:38 [DEBUG] (3) goxlr_daemon::device: Setting ReverbPredelay to 0
20:16:38 [DEBUG] (3) goxlr_daemon::device: Setting ReverbDiffuse to -50
20:16:38 [DEBUG] (3) goxlr_daemon::device: Setting ReverbLowColor to 0
20:16:38 [DEBUG] (3) goxlr_daemon::device: Setting ReverbHighColor to -50
20:16:38 [DEBUG] (3) goxlr_daemon::device: Setting ReverbHighFactor to -25
20:16:38 [DEBUG] (3) goxlr_daemon::device: Setting ReverbModSpeed to -25
20:16:38 [DEBUG] (3) goxlr_daemon::device: Setting ReverbModDepth to -25
20:16:38 [DEBUG] (3) goxlr_daemon::device: Setting ReverbEarlyLevel to -25
20:16:38 [DEBUG] (3) goxlr_daemon::device: Setting ReverbTailLevel to 0
20:16:38 [DEBUG] (3) goxlr_daemon::device: Setting MegaphoneStyle to 1
20:16:38 [DEBUG] (3) goxlr_daemon::device: Setting MegaphoneAmount to 100
20:16:38 [DEBUG] (3) goxlr_daemon::device: Setting MegaphoneHP to 110
20:16:38 [DEBUG] (3) goxlr_daemon::device: Setting MegaphoneLP to 190
20:16:38 [DEBUG] (3) goxlr_daemon::device: Setting MegaphonePreGain to 0
20:16:38 [DEBUG] (3) goxlr_daemon::device: Setting MegaphonePostGain to 2
20:16:38 [DEBUG] (3) goxlr_daemon::device: Setting MegaphoneDistType to 4
20:16:38 [DEBUG] (3) goxlr_daemon::device: Setting MegaphonePresenceGain to 7
20:16:38 [DEBUG] (3) goxlr_daemon::device: Setting MegaphonePresenceFC to 160
20:16:38 [DEBUG] (3) goxlr_daemon::device: Setting MegaphonePresenceBW to 5
20:16:38 [DEBUG] (3) goxlr_daemon::device: Setting MegaphoneBeatboxEnable to 0
20:16:38 [DEBUG] (3) goxlr_daemon::device: Setting MegaphoneFilterControl to 1
20:16:38 [DEBUG] (3) goxlr_daemon::device: Setting MegaphoneFilter to 59
20:16:38 [DEBUG] (3) goxlr_daemon::device: Setting MegaphoneDrivePotGainCompMid to 0
20:16:38 [DEBUG] (3) goxlr_daemon::device: Setting MegaphoneDrivePotGainCompMax to 5
20:16:38 [DEBUG] (3) goxlr_daemon::device: Setting RobotPulseWidth to 50
20:16:38 [DEBUG] (3) goxlr_daemon::device: Setting RobotWaveform to 1
20:16:38 [DEBUG] (3) goxlr_daemon::device: Setting RobotThreshold to -36
20:16:38 [DEBUG] (3) goxlr_daemon::device: Setting RobotDryMix to -6
20:16:38 [DEBUG] (3) goxlr_daemon::device: Setting RobotLowFreq to 88
20:16:38 [DEBUG] (3) goxlr_daemon::device: Setting RobotLowGain to -10
20:16:38 [DEBUG] (3) goxlr_daemon::device: Setting RobotLowWidth to 0
20:16:38 [DEBUG] (3) goxlr_daemon::device: Setting RobotMidFreq to 173
20:16:38 [DEBUG] (3) goxlr_daemon::device: Setting RobotMidGain to 5
20:16:38 [DEBUG] (3) goxlr_daemon::device: Setting RobotMidWidth to 32
20:16:38 [DEBUG] (3) goxlr_daemon::device: Setting RobotHiFreq to 182
20:16:38 [DEBUG] (3) goxlr_daemon::device: Setting RobotHiGain to 0
20:16:38 [DEBUG] (3) goxlr_daemon::device: Setting RobotHiWidth to 0
20:16:38 [DEBUG] (3) goxlr_daemon::device: Setting RobotStyle to 1
20:16:38 [DEBUG] (3) goxlr_daemon::device: Setting HardTuneKeySource to 0
20:16:38 [DEBUG] (3) goxlr_daemon::device: Setting HardTuneAmount to 53
20:16:38 [DEBUG] (3) goxlr_daemon::device: Setting HardTuneWindow to 20
20:16:38 [DEBUG] (3) goxlr_daemon::device: Setting HardTuneRate to 99
20:16:38 [DEBUG] (3) goxlr_daemon::device: Setting HardTuneScale to 5
20:16:38 [DEBUG] (3) goxlr_daemon::device: Setting HardTunePitchAmount to 0
20:16:38 [DEBUG] (3) goxlr_daemon::device: Setting EchoAmount to -36
20:16:38 [DEBUG] (3) goxlr_daemon::device: Setting EchoSource to 1
20:16:38 [DEBUG] (3) goxlr_daemon::device: Setting EchoDivL to 10
20:16:38 [DEBUG] (3) goxlr_daemon::device: Setting EchoDivR to 13
20:16:38 [DEBUG] (3) goxlr_daemon::device: Setting EchoFeedbackL to 50
20:16:38 [DEBUG] (3) goxlr_daemon::device: Setting EchoFeedbackR to 0
20:16:38 [DEBUG] (3) goxlr_daemon::device: Setting EchoXFBLtoR to 100
20:16:38 [DEBUG] (3) goxlr_daemon::device: Setting EchoXFBRtoL to 0
20:16:38 [DEBUG] (3) goxlr_daemon::device: Setting EchoFeedback to 55
20:16:38 [DEBUG] (3) goxlr_daemon::device: Setting EchoFilterStyle to 0
20:16:38 [DEBUG] (3) goxlr_daemon::device: Setting EchoTempo to 120
20:16:38 [DEBUG] (3) goxlr_daemon::device: Setting PitchAmount to 0
20:16:38 [DEBUG] (3) goxlr_daemon::device: Setting PitchCharacter to 100
20:16:38 [DEBUG] (3) goxlr_daemon::device: Setting PitchThreshold to -26
20:16:38 [DEBUG] (3) goxlr_daemon::device: Setting GenderAmount to 0
20:16:38 [DEBUG] (3) goxlr_daemon::device: Setting Encoder1Enabled to 0
20:16:38 [DEBUG] (3) goxlr_daemon::device: Setting Encoder2Enabled to 0
20:16:38 [DEBUG] (3) goxlr_daemon::device: Setting Encoder3Enabled to 0
20:16:38 [DEBUG] (3) goxlr_daemon::device: Setting Encoder4Enabled to 0
20:16:38 [DEBUG] (3) goxlr_daemon::device: Setting MegaphoneEnabled to 0
20:16:38 [DEBUG] (3) goxlr_daemon::device: Setting HardTuneEnabled to 0
20:16:38 [DEBUG] (3) goxlr_daemon::device: Setting RobotEnabled to 0
20:16:38 [DEBUG] (3) goxlr_daemon::device: Setting MicInputMute to 0
20:16:38 [DEBUG] (3) goxlr_daemon::device: Validating Sampler Configuration..
20:16:38 [DEBUG] (3) goxlr_daemon::device: Setting Equalizer125HzFrequency to 63
20:16:38 [DEBUG] (3) goxlr_daemon::device: Setting MicInputMute to 0
20:16:38 [DEBUG] (3) goxlr_daemon::device: Setting Equalizer31HzGain to 0
20:16:38 [DEBUG] (3) goxlr_daemon::device: Setting Equalizer16KHzFrequency to 231
20:16:38 [DEBUG] (3) goxlr_daemon::device: Setting Equalizer31HzFrequency to 16
20:16:38 [DEBUG] (3) goxlr_daemon::device: Setting GateThreshold to -59
20:16:38 [DEBUG] (3) goxlr_daemon::device: Setting Equalizer4KHzGain to 0
20:16:38 [DEBUG] (3) goxlr_daemon::device: Setting Equalizer16KHzGain to 0
20:16:38 [DEBUG] (3) goxlr_daemon::device: Setting DeEsser to 0
20:16:38 [DEBUG] (3) goxlr_daemon::device: Setting Equalizer8KHzFrequency to 207
20:16:38 [DEBUG] (3) goxlr_daemon::device: Setting CompressorThreshold to 0
20:16:38 [DEBUG] (3) goxlr_daemon::device: Setting CompressorRelease to 9
20:16:38 [DEBUG] (3) goxlr_daemon::device: Setting CompressorMakeUpGain to 0
20:16:38 [DEBUG] (3) goxlr_daemon::device: Setting GateAttack to 0
20:16:38 [DEBUG] (3) goxlr_daemon::device: Setting Equalizer63HzGain to 0
20:16:38 [DEBUG] (3) goxlr_daemon::device: Setting Equalizer8KHzGain to 0
20:16:38 [DEBUG] (3) goxlr_daemon::device: Setting GateEnabled to 1
20:16:38 [DEBUG] (3) goxlr_daemon::device: Setting CompressorAttack to 1
20:16:38 [DEBUG] (3) goxlr_daemon::device: Setting Equalizer250HzGain to 0
20:16:38 [DEBUG] (3) goxlr_daemon::device: Setting Equalizer250HzFrequency to 87
20:16:38 [DEBUG] (3) goxlr_daemon::device: Setting GateRelease to 19
20:16:38 [DEBUG] (3) goxlr_daemon::device: Setting GateAttenuation to -61
20:16:38 [DEBUG] (3) goxlr_daemon::device: Setting Equalizer2KHzGain to 0
20:16:38 [DEBUG] (3) goxlr_daemon::device: Setting Equalizer1KHzFrequency to 135
20:16:38 [DEBUG] (3) goxlr_daemon::device: Setting BleepLevel to -10
20:16:38 [DEBUG] (3) goxlr_daemon::device: Setting Equalizer4KHzFrequency to 183
20:16:38 [DEBUG] (3) goxlr_daemon::device: Setting Equalizer500HzGain to 0
20:16:38 [DEBUG] (3) goxlr_daemon::device: Setting GateMode to 2
20:16:38 [DEBUG] (3) goxlr_daemon::device: Setting Equalizer125HzGain to 0
20:16:38 [DEBUG] (3) goxlr_daemon::device: Setting Equalizer1KHzGain to 0
20:16:38 [DEBUG] (3) goxlr_daemon::device: Setting Equalizer2KHzFrequency to 159
20:16:38 [DEBUG] (3) goxlr_daemon::device: Setting CompressorRatio to 9
20:16:38 [DEBUG] (3) goxlr_daemon::device: Setting Equalizer500HzFrequency to 111
20:16:38 [DEBUG] (3) goxlr_daemon::device: Setting Equalizer63HzFrequency to 40
20:16:38 [DEBUG] (3) goxlr_daemon::settings: Saving Settings
20:16:38 [DEBUG] (3) goxlr_daemon::settings: Creating Temporary Save File: "/home/gaz/.config/goxlr-utility/settings.tmp"
20:16:38 [DEBUG] (3) goxlr_daemon::settings: Save Complete and synced, renaming to "/home/gaz/.config/goxlr-utility/settings.json"
20:16:38 [DEBUG] (3) goxlr_daemon::settings: Target exists, removing..
20:16:38 [DEBUG] (3) goxlr_daemon::settings: Renaming "/home/gaz/.config/goxlr-utility/settings.tmp" to "/home/gaz/.config/goxlr-utility/settings.json"
20:16:38 [DEBUG] (3) goxlr_daemon::settings: Settings Saved.
20:16:38 [DEBUG] (3) goxlr_daemon::device: Updating Mic volume from 177 to 176 as a human moved the fader
20:16:38 [DEBUG] (3) goxlr_daemon::device: Setting Sub Mix volume for Mic to 176
20:16:38 [DEBUG] (3) goxlr_daemon::device: Updating System volume from 131 to 129 as a human moved the fader
20:16:54 [DEBUG] (29) goxlr_daemon::servers::http_server: Building Scribble Image for S200600408CQK - A
20:16:54 [DEBUG] (29) goxlr_daemon::servers::http_server: Creating Image 128x64
20:16:54 [DEBUG] (29) goxlr_daemon::servers::http_server: Building Scribble Image for S200600408CQK - D
20:16:54 [DEBUG] (29) goxlr_daemon::servers::http_server: Creating Image 128x64
20:16:54 [DEBUG] (28) goxlr_daemon::servers::http_server: Building Scribble Image for S200600408CQK - B
20:16:54 [DEBUG] (28) goxlr_daemon::servers::http_server: Creating Image 128x64
20:16:54 [DEBUG] (31) goxlr_daemon::servers::http_server: Building Scribble Image for S200600408CQK - C
20:16:54 [DEBUG] (31) goxlr_daemon::servers::http_server: Creating Image 128x64
20:17:25 [DEBUG] (3) goxlr_daemon::device: Mic Profile Successfully Loaded, Performing Backup..
20:17:25 [DEBUG] (3) goxlr_profile_loader::mic_profile: Creating Temporary Save File: "/home/gaz/.local/share/goxlr-utility/backups/DEFAULT-custom.tmp"
20:17:25 [DEBUG] (3) goxlr_profile_loader::mic_profile: Save Complete and synced, renaming to "/home/gaz/.local/share/goxlr-utility/backups/DEFAULT-custom.goxlrMicProfile"
20:17:25 [DEBUG] (3) goxlr_profile_loader::mic_profile: Target mic profile exists, removing..
20:17:25 [DEBUG] (3) goxlr_profile_loader::mic_profile: Renaming "/home/gaz/.local/share/goxlr-utility/backups/DEFAULT-custom.tmp" to "/home/gaz/.local/share/goxlr-utility/backups/DEFAULT-custom.goxlrMicProfile"
20:17:25 [DEBUG] (3) goxlr_daemon::device: Backup Complete
20:17:25 [DEBUG] (3) goxlr_daemon::device: Setting CompressorRelease to 7
20:17:25 [DEBUG] (3) goxlr_daemon::device: Setting Equalizer250HzGain to 0
20:17:25 [DEBUG] (3) goxlr_daemon::device: Setting Equalizer31HzFrequency to 14
20:17:25 [DEBUG] (3) goxlr_daemon::device: Setting Equalizer16KHzFrequency to 231
20:17:25 [DEBUG] (3) goxlr_daemon::device: Setting GateAttenuation to -18
20:17:25 [DEBUG] (3) goxlr_daemon::device: Setting Equalizer500HzGain to 0
20:17:25 [DEBUG] (3) goxlr_daemon::device: Setting Equalizer31HzGain to -9
20:17:25 [DEBUG] (3) goxlr_daemon::device: Setting Equalizer2KHzGain to 0
20:17:25 [DEBUG] (3) goxlr_daemon::device: Setting Equalizer250HzFrequency to 87
20:17:25 [DEBUG] (3) goxlr_daemon::device: Setting CompressorAttack to 1
20:17:25 [DEBUG] (3) goxlr_daemon::device: Setting CompressorRatio to 8
20:17:25 [DEBUG] (3) goxlr_daemon::device: Setting MicInputMute to 0
20:17:25 [DEBUG] (3) goxlr_daemon::device: Setting Equalizer1KHzGain to 0
20:17:25 [DEBUG] (3) goxlr_daemon::device: Setting Equalizer63HzFrequency to 40
20:17:25 [DEBUG] (3) goxlr_daemon::device: Setting Equalizer125HzGain to -2
20:17:25 [DEBUG] (3) goxlr_daemon::device: Setting CompressorThreshold to -15
20:17:25 [DEBUG] (3) goxlr_daemon::device: Setting Equalizer125HzFrequency to 63
20:17:25 [DEBUG] (3) goxlr_daemon::device: Setting GateMode to 2
20:17:25 [DEBUG] (3) goxlr_daemon::device: Setting Equalizer1KHzFrequency to 135
20:17:25 [DEBUG] (3) goxlr_daemon::device: Setting Equalizer4KHzFrequency to 183
20:17:25 [DEBUG] (3) goxlr_daemon::device: Setting GateEnabled to 1
20:17:25 [DEBUG] (3) goxlr_daemon::device: Setting CompressorMakeUpGain to 8
20:17:25 [DEBUG] (3) goxlr_daemon::device: Setting Equalizer63HzGain to -9
20:17:25 [DEBUG] (3) goxlr_daemon::device: Setting Equalizer16KHzGain to -9
20:17:25 [DEBUG] (3) goxlr_daemon::device: Setting Equalizer4KHzGain to 0
20:17:25 [DEBUG] (3) goxlr_daemon::device: Setting Equalizer500HzFrequency to 111
20:17:25 [DEBUG] (3) goxlr_daemon::device: Setting Equalizer8KHzFrequency to 207
20:17:25 [DEBUG] (3) goxlr_daemon::device: Setting BleepLevel to -20
20:17:25 [DEBUG] (3) goxlr_daemon::device: Setting GateThreshold to -35
20:17:25 [DEBUG] (3) goxlr_daemon::device: Setting Equalizer8KHzGain to -2
20:17:25 [DEBUG] (3) goxlr_daemon::device: Setting Equalizer2KHzFrequency to 159
20:17:25 [DEBUG] (3) goxlr_daemon::device: Setting DeEsser to 52
20:17:25 [DEBUG] (3) goxlr_daemon::device: Setting GateRelease to 19
20:17:25 [DEBUG] (3) goxlr_daemon::device: Setting GateAttack to 0
20:17:25 [DEBUG] (3) goxlr_daemon::settings: Saving Settings
20:17:25 [DEBUG] (3) goxlr_daemon::settings: Creating Temporary Save File: "/home/gaz/.config/goxlr-utility/settings.tmp"
20:17:25 [DEBUG] (3) goxlr_daemon::settings: Save Complete and synced, renaming to "/home/gaz/.config/goxlr-utility/settings.json"
20:17:25 [DEBUG] (3) goxlr_daemon::settings: Target exists, removing..
20:17:25 [DEBUG] (3) goxlr_daemon::settings: Renaming "/home/gaz/.config/goxlr-utility/settings.tmp" to "/home/gaz/.config/goxlr-utility/settings.json"
20:17:25 [DEBUG] (3) goxlr_daemon::settings: Settings Saved.
20:17:45 [DEBUG] (19) goxlr_daemon::settings: Saving Settings
20:17:45 [DEBUG] (19) goxlr_daemon::settings: Creating Temporary Save File: "/home/gaz/.config/goxlr-utility/settings.tmp"
20:17:45 [DEBUG] (19) goxlr_daemon::settings: Save Complete and synced, renaming to "/home/gaz/.config/goxlr-utility/settings.json"
20:17:45 [DEBUG] (19) goxlr_daemon::settings: Target exists, removing..
20:17:45 [DEBUG] (19) goxlr_daemon::settings: Renaming "/home/gaz/.config/goxlr-utility/settings.tmp" to "/home/gaz/.config/goxlr-utility/settings.json"
20:17:45 [DEBUG] (19) goxlr_daemon::settings: Settings Saved.
20:17:47 [DEBUG] (3) goxlr_daemon::settings: Saving Settings
20:17:47 [DEBUG] (3) goxlr_daemon::settings: Creating Temporary Save File: "/home/gaz/.config/goxlr-utility/settings.tmp"
20:17:47 [DEBUG] (3) goxlr_daemon::settings: Save Complete and synced, renaming to "/home/gaz/.config/goxlr-utility/settings.json"
20:17:47 [DEBUG] (3) goxlr_daemon::settings: Target exists, removing..
20:17:47 [DEBUG] (3) goxlr_daemon::settings: Renaming "/home/gaz/.config/goxlr-utility/settings.tmp" to "/home/gaz/.config/goxlr-utility/settings.json"
20:17:47 [DEBUG] (3) goxlr_daemon::settings: Settings Saved.
20:17:48 [DEBUG] (17) goxlr_daemon::settings: Saving Settings
20:17:48 [DEBUG] (17) goxlr_daemon::settings: Creating Temporary Save File: "/home/gaz/.config/goxlr-utility/settings.tmp"
20:17:48 [DEBUG] (17) goxlr_daemon::settings: Save Complete and synced, renaming to "/home/gaz/.config/goxlr-utility/settings.json"
20:17:48 [DEBUG] (17) goxlr_daemon::settings: Target exists, removing..
20:17:48 [DEBUG] (17) goxlr_daemon::settings: Renaming "/home/gaz/.config/goxlr-utility/settings.tmp" to "/home/gaz/.config/goxlr-utility/settings.json"
20:17:48 [DEBUG] (17) goxlr_daemon::settings: Settings Saved.
20:17:49 [DEBUG] (17) goxlr_daemon::settings: Saving Settings
20:17:49 [DEBUG] (17) goxlr_daemon::settings: Creating Temporary Save File: "/home/gaz/.config/goxlr-utility/settings.tmp"
20:17:49 [DEBUG] (17) goxlr_daemon::settings: Save Complete and synced, renaming to "/home/gaz/.config/goxlr-utility/settings.json"
20:17:49 [DEBUG] (17) goxlr_daemon::settings: Target exists, removing..
20:17:49 [DEBUG] (17) goxlr_daemon::settings: Renaming "/home/gaz/.config/goxlr-utility/settings.tmp" to "/home/gaz/.config/goxlr-utility/settings.json"
20:17:49 [DEBUG] (17) goxlr_daemon::settings: Settings Saved.
20:17:55 [DEBUG] (3) goxlr_daemon::settings: Saving Settings
20:17:55 [DEBUG] (3) goxlr_daemon::settings: Creating Temporary Save File: "/home/gaz/.config/goxlr-utility/settings.tmp"
20:17:55 [DEBUG] (3) goxlr_daemon::settings: Save Complete and synced, renaming to "/home/gaz/.config/goxlr-utility/settings.json"
20:17:55 [DEBUG] (3) goxlr_daemon::settings: Target exists, removing..
20:17:55 [DEBUG] (3) goxlr_daemon::settings: Renaming "/home/gaz/.config/goxlr-utility/settings.tmp" to "/home/gaz/.config/goxlr-utility/settings.json"
20:17:55 [DEBUG] (3) goxlr_daemon::settings: Settings Saved.
20:17:58 [DEBUG] (3) goxlr_daemon::settings: Saving Settings
20:17:58 [DEBUG] (3) goxlr_daemon::settings: Creating Temporary Save File: "/home/gaz/.config/goxlr-utility/settings.tmp"
20:17:58 [DEBUG] (3) goxlr_daemon::settings: Save Complete and synced, renaming to "/home/gaz/.config/goxlr-utility/settings.json"
20:17:58 [DEBUG] (3) goxlr_daemon::settings: Target exists, removing..
20:17:58 [DEBUG] (3) goxlr_daemon::settings: Renaming "/home/gaz/.config/goxlr-utility/settings.tmp" to "/home/gaz/.config/goxlr-utility/settings.json"
20:17:58 [DEBUG] (3) goxlr_daemon::settings: Settings Saved.
20:17:58 [DEBUG] (3) goxlr_daemon::settings: Saving Settings
20:17:58 [DEBUG] (3) goxlr_daemon::settings: Creating Temporary Save File: "/home/gaz/.config/goxlr-utility/settings.tmp"
20:17:58 [DEBUG] (3) goxlr_daemon::settings: Save Complete and synced, renaming to "/home/gaz/.config/goxlr-utility/settings.json"
20:17:58 [DEBUG] (3) goxlr_daemon::settings: Target exists, removing..
20:17:58 [DEBUG] (3) goxlr_daemon::settings: Renaming "/home/gaz/.config/goxlr-utility/settings.tmp" to "/home/gaz/.config/goxlr-utility/settings.json"
20:17:58 [DEBUG] (3) goxlr_daemon::settings: Settings Saved.
20:18:02 [DEBUG] (17) goxlr_daemon::settings: Saving Settings
20:18:02 [DEBUG] (17) goxlr_daemon::settings: Creating Temporary Save File: "/home/gaz/.config/goxlr-utility/settings.tmp"
20:18:02 [DEBUG] (17) goxlr_daemon::settings: Save Complete and synced, renaming to "/home/gaz/.config/goxlr-utility/settings.json"
20:18:02 [DEBUG] (17) goxlr_daemon::settings: Target exists, removing..
20:18:02 [DEBUG] (17) goxlr_daemon::settings: Renaming "/home/gaz/.config/goxlr-utility/settings.tmp" to "/home/gaz/.config/goxlr-utility/settings.json"
20:18:02 [DEBUG] (17) goxlr_daemon::settings: Settings Saved.
20:18:14 [DEBUG] (3) goxlr_daemon::device: Setting GateAttenuation to -18
20:18:14 [DEBUG] (19) goxlr_daemon::device: Setting GateAttenuation to -18
20:18:14 [DEBUG] (3) goxlr_daemon::device: Setting GateAttenuation to -17
20:18:14 [DEBUG] (3) goxlr_daemon::device: Setting GateAttenuation to -14
20:18:14 [DEBUG] (19) goxlr_daemon::device: Setting GateAttenuation to -12
20:18:14 [DEBUG] (19) goxlr_daemon::device: Setting GateAttenuation to -11
20:18:14 [DEBUG] (19) goxlr_daemon::device: Setting GateAttenuation to -11
20:18:14 [DEBUG] (19) goxlr_daemon::device: Setting GateAttenuation to -11
20:18:14 [DEBUG] (3) goxlr_daemon::device: Setting GateAttenuation to -10
20:18:14 [DEBUG] (19) goxlr_daemon::device: Setting GateAttenuation to -10
20:18:14 [DEBUG] (3) goxlr_daemon::device: Setting GateAttenuation to -9
20:18:14 [DEBUG] (19) goxlr_daemon::device: Setting GateAttenuation to -9
20:18:15 [DEBUG] (3) goxlr_daemon::device: Setting GateAttenuation to -9
20:18:15 [DEBUG] (19) goxlr_daemon::device: Setting GateAttenuation to -9
20:18:15 [DEBUG] (19) goxlr_daemon::device: Setting GateAttenuation to -10
20:18:15 [DEBUG] (3) goxlr_daemon::device: Setting GateAttenuation to -10
20:18:15 [DEBUG] (3) goxlr_daemon::device: Setting GateAttenuation to -10
20:18:15 [DEBUG] (19) goxlr_daemon::device: Setting GateAttenuation to -11
20:18:15 [DEBUG] (3) goxlr_daemon::device: Setting GateAttenuation to -11
20:18:18 [DEBUG] (19) goxlr_daemon::device: Setting GateAttenuation to -10
20:18:18 [DEBUG] (19) goxlr_daemon::device: Setting GateAttenuation to -10
20:18:18 [DEBUG] (3) goxlr_daemon::device: Setting GateAttenuation to -11
20:18:18 [DEBUG] (19) goxlr_daemon::device: Setting GateAttenuation to -11
20:18:18 [DEBUG] (3) goxlr_daemon::device: Setting GateAttenuation to -12
20:18:18 [DEBUG] (3) goxlr_daemon::device: Setting GateAttenuation to -12
20:18:18 [DEBUG] (19) goxlr_daemon::device: Setting GateAttenuation to -12
20:18:18 [DEBUG] (3) goxlr_daemon::device: Setting GateAttenuation to -13
20:18:18 [DEBUG] (3) goxlr_daemon::device: Setting GateAttenuation to -13
20:18:26 [DEBUG] (35) goxlr_daemon::servers::http_server: Returning Cached Scribble Image for S200600408CQK - A
20:18:26 [DEBUG] (34) goxlr_daemon::servers::http_server: Returning Cached Scribble Image for S200600408CQK - B
20:18:26 [DEBUG] (35) goxlr_daemon::servers::http_server: Returning Cached Scribble Image for S200600408CQK - C
20:18:26 [DEBUG] (35) goxlr_daemon::servers::http_server: Returning Cached Scribble Image for S200600408CQK - D
20:18:32 [DEBUG] (17) goxlr_daemon::settings: Saving Settings
20:18:32 [DEBUG] (17) goxlr_daemon::settings: Creating Temporary Save File: "/home/gaz/.config/goxlr-utility/settings.tmp"
20:18:32 [DEBUG] (17) goxlr_daemon::settings: Save Complete and synced, renaming to "/home/gaz/.config/goxlr-utility/settings.json"
20:18:32 [DEBUG] (17) goxlr_daemon::settings: Target exists, removing..
20:18:32 [DEBUG] (17) goxlr_daemon::settings: Renaming "/home/gaz/.config/goxlr-utility/settings.tmp" to "/home/gaz/.config/goxlr-utility/settings.json"
20:18:32 [DEBUG] (17) goxlr_daemon::settings: Settings Saved.
20:18:34 [DEBUG] (19) goxlr_daemon::settings: Saving Settings
20:18:34 [DEBUG] (19) goxlr_daemon::settings: Creating Temporary Save File: "/home/gaz/.config/goxlr-utility/settings.tmp"
20:18:34 [DEBUG] (19) goxlr_daemon::settings: Save Complete and synced, renaming to "/home/gaz/.config/goxlr-utility/settings.json"
20:18:34 [DEBUG] (19) goxlr_daemon::settings: Target exists, removing..
20:18:34 [DEBUG] (19) goxlr_daemon::settings: Renaming "/home/gaz/.config/goxlr-utility/settings.tmp" to "/home/gaz/.config/goxlr-utility/settings.json"
20:18:34 [DEBUG] (19) goxlr_daemon::settings: Settings Saved.
20:18:42 [DEBUG] (19) goxlr_daemon::settings: Saving Settings
20:18:42 [DEBUG] (19) goxlr_daemon::settings: Creating Temporary Save File: "/home/gaz/.config/goxlr-utility/settings.tmp"
20:18:42 [DEBUG] (19) goxlr_daemon::settings: Save Complete and synced, renaming to "/home/gaz/.config/goxlr-utility/settings.json"
20:18:42 [DEBUG] (19) goxlr_daemon::settings: Target exists, removing..
20:18:42 [DEBUG] (19) goxlr_daemon::settings: Renaming "/home/gaz/.config/goxlr-utility/settings.tmp" to "/home/gaz/.config/goxlr-utility/settings.json"
20:18:42 [DEBUG] (19) goxlr_daemon::settings: Settings Saved.
20:18:44 [DEBUG] (19) goxlr_daemon::settings: Saving Settings
20:18:44 [DEBUG] (19) goxlr_daemon::settings: Creating Temporary Save File: "/home/gaz/.config/goxlr-utility/settings.tmp"
20:18:44 [DEBUG] (19) goxlr_daemon::settings: Save Complete and synced, renaming to "/home/gaz/.config/goxlr-utility/settings.json"
20:18:44 [DEBUG] (19) goxlr_daemon::settings: Target exists, removing..
20:18:44 [DEBUG] (19) goxlr_daemon::settings: Renaming "/home/gaz/.config/goxlr-utility/settings.tmp" to "/home/gaz/.config/goxlr-utility/settings.json"
20:18:44 [DEBUG] (19) goxlr_daemon::settings: Settings Saved.
20:18:56 [DEBUG] (17) goxlr_daemon::settings: Saving Settings
20:18:56 [DEBUG] (17) goxlr_daemon::settings: Creating Temporary Save File: "/home/gaz/.config/goxlr-utility/settings.tmp"
20:18:56 [DEBUG] (17) goxlr_daemon::settings: Save Complete and synced, renaming to "/home/gaz/.config/goxlr-utility/settings.json"
20:18:56 [DEBUG] (17) goxlr_daemon::settings: Target exists, removing..
20:18:56 [DEBUG] (17) goxlr_daemon::settings: Renaming "/home/gaz/.config/goxlr-utility/settings.tmp" to "/home/gaz/.config/goxlr-utility/settings.json"
20:18:56 [DEBUG] (17) goxlr_daemon::settings: Settings Saved.
